x,y,z
219.2936099392401,27.41008281301643,108
206.98370555017144,28.961105585248845,108
204.84319296572116,29.803796664323247,108
204.70975301963912,30.706953913378467,108
204.56625869600455,31.648788335722134,108
205.41543893617177,32.687879201010865,108
205.26927337243202,33.593532251815496,108
205.11248788563307,34.53791124787405,108
205.97416999984708,35.435029178400505,108
204.8033449234717,36.3261601075241,108
205.65723205445798,37.23040294838101,108
205.4800384328099,38.19625381697749,108
206.29569094808772,39.269426991631505,108
206.1204893492806,40.17889832254105,108
205.93345802648014,41.12676580106852,108
205.75006828289318,42.034621463560114,108
205.5667974429248,42.92192666993781,108
206.39136391864807,43.85892041307191,108
207.21193500907398,44.80194180831113,108
207.01232371449447,45.715400362737164,108
206.8131606247608,46.60811723720338,108
206.59646023933558,47.5594640064061,108
206.38469306473553,48.47018123109207,108
207.14625425332179,49.59263401774665,108
207.94066871444946,50.56360642386555,108
207.70080504516858,51.540038645589604,108
207.47659700931325,52.43530960559896,108
207.24331668552426,53.34986119179224,108
206.99558342732723,54.30311631555242,108
207.72021045981535,55.47354474458986,108
207.47893984803184,56.36922493290806,108
207.22830923257476,57.283748590751024,108
207.98675072081403,58.28817654205668,108
207.71628140230982,59.24480095667841,108
208.4133963417685,60.43886353406157,108
208.15069670572805,61.33748821821792,108
207.87814736579932,62.254926293129714,108
208.61299318962153,63.28205964147279,108
208.31953330605404,64.24151339397164,108
208.99474212795414,65.43850367230255,108
208.70421314516227,66.35926020879583,108
208.39658973529816,67.31910120239145,108
209.1265791345909,68.30866635693958,108
208.8033288253647,69.29047460832278,108
208.50255831615482,70.1903353433965,108
208.1909606673823,71.10923917742669,108
208.8063062246065,72.39424342332664,108
208.48498543327003,73.3144654818487,108
209.16585295839255,74.3884799964894,108
208.84296152847293,75.29022127751239,108
208.50886786513908,76.21057683548895,108
209.09354587638035,77.51702440652659,108
208.75715720065108,78.41842460482523,108
209.4126110158096,79.51325894177155,108
209.05988638856473,80.43608582719826,108
208.71090390922214,81.33731363522801,108
209.25647304271422,82.68451178862828,108
209.91475900499202,83.73645533383964,108
209.52714567595578,84.70168371931457,108
209.1515367363363,85.62496528950517,108
209.70397233768705,86.909401020802,108
209.2933217951684,87.8937167944563,108
209.92653730204458,88.96543675143339,108
209.51485789535027,89.93066396447422,108
209.11618700967054,90.85384048314354,108
210.6241731660851,92.39836404451651,108
210.22356558962665,93.30622953899675,108
209.81000010618976,94.23249893450058,108
209.37408071728754,95.19713401038268,108
209.86067154459658,96.53754989044909,108
209.44221280307528,97.44208277818844,108
210.0004916811212,98.60929719700549,108
209.5635395441813,99.53453116237782,108
210.00452758773932,100.9311566992593,108
210.4667197156811,102.27296755311701,108
210.01360467258678,103.20022215298974,108
210.54202627213874,104.38896097395566,108
210.02225504033495,107.6413135732396,108
210.52729580659866,108.84510884904712,108
209.0435796976861,109.52982145140727,108
208.55847263017444,110.45072880777559,108
206.18948642638304,110.64310049535128,108
204.83110085714722,111.05503195105199,108
203.44110404892353,111.51554682354865,108
201.9542214842364,112.14050305173414,108
200.5857544309859,112.54045992154208,108
199.09814846923487,113.14118293584573,108
196.74348182119707,113.2298651455185,108
195.38857594214554,113.57510462817292,108
193.04143200691394,113.62660572559588,108
191.55861864000352,114.16783971300194,108
190.2074749754073,114.4775806150698,108
188.72510121062083,114.99493977145656,108
187.3644317162818,115.30208032656985,108
185.88277478148032,115.79548367504435,108
184.50173233301254,116.11679794981173,108
183.05439432810405,116.53363770676253,108
181.67503106581464,116.83399799388569,108
180.19574780066165,117.27954840704471,108
178.8412410005819,117.52365939406322,108
176.53075973506952,117.39203919925387,108
176.02284196416375,118.15227084935367,108
174.54711362117524,118.55085460053225,108
174.02276365831065,119.31922614869639,108
172.54627479625296,119.69871784583144,108
170.2640188186527,119.47453241474304,108
167.97774434114288,119.24545025308784,108
166.60313763385025,119.45038522565068,108
165.172675724709,119.72463069034762,108
163.70951166989462,120.03414426239158,108
163.15533060862862,120.78633239729194,108
160.8919309615665,120.4773279561699,108
159.57277734855052,120.56752767337451,108
158.11698390060232,120.83054002269733,108
156.6631048380423,121.08126024494693,108
156.12756037969635,121.77103469168794,108
154.81487108602744,121.82510287546121,108
153.36436300295443,122.04659831678237,108
151.91608060993408,122.25589741241934,108
150.5756359486422,122.32325150461774,108
150.0348876292861,122.98590363967529,108
147.72664102913052,122.64110049347411,108
147.14879242613034,123.33382702053643,108
145.85168502766675,123.3218795453195,108
144.41552104049578,123.4672316147168,108
142.98214660150452,123.60058961520316,108
141.69385770676865,123.55909795791645,108
140.26645320147125,123.67021511374303,108
139.71964980578565,124.2876480513998,108
138.29486077175778,124.38059126777027,108
136.98072655373318,124.34339770495005,108
135.562224975719,124.41415980358727,108
134.1831222427204,124.43427865823449,108
133.60900264737785,125.05052743420548,108
132.19729799856077,125.09146414475977,108
130.9209844044676,124.98278218444791,108
130.3807542304604,125.54624218309475,108
128.9759940206851,125.5595196166989,108
127.57522513471834,125.56098889315076,108
126.99621010198784,126.14659178801367,108
125.63545661650043,126.09413959722092,108
124.33936686137511,125.97111513562295,108
123.79471472060912,126.50639749531643,108
122.40607060627502,126.46246035378093,108
121.84712591100018,127.00109411823536,108
120.4629369554472,126.93967394029319,108
119.09503483386612,126.85571598442151,108
118.53461023365364,127.37953594182942,108
117.15953957233197,127.28960007478686,108
116.57245889697245,127.82746898344529,108
115.33698678406189,127.59850892378459,108
114.7853971369135,128.0949359034972,108
113.42041855213462,127.97190572722825,108
112.06023212388494,127.83780495745782,108
111.47068238872848,128.35219892074784,108
110.90350948629158,128.84258451158155,108
109.54955832535538,128.685252732081,108
108.20065783919647,128.51699359682024,108
107.64517186409181,128.9826227611694,108
106.30218630153779,128.79769092461692,108
105.73309885541241,129.26527687833106,108
105.13704631102519,129.75053561736593,108
103.83843519395037,129.51285409746697,108
103.2412632626822,129.98939018214352,108
101.91173503383413,129.76516582809728,108
101.3384233062916,130.2133785822135,108
100.16514718100832,129.85739597807643,108
98.84737981703609,129.60785278410643,108
98.25005052319618,130.0612454660857,108
97.6754685698946,130.4933057273496,108
97.09898663226663,130.92282763134511,108
95.80333550974062,130.63583315923725,108
94.50106949977358,130.34779577499177,108
93.92526019822415,130.76331862068923,108
93.32243809998259,131.1942168964582,108
93.43331959407287,132.341281502152,108
92.17424406617663,132.00344211735126,108
91.55325165939914,132.43489763121624,108
90.27671191210864,132.09888450073353,108
88.99355727532978,131.76170446485048,108
88.41179624095285,132.1527687392445,108
87.84080810995194,132.53298619811824,108
87.21714437649413,132.94423540270478,108
86.64275262855946,133.31929124078874,108
85.37258969246011,132.9493171445527,108
84.7853953395843,133.3245541418024,108
84.20938536194532,133.68911480357474,108
83.59320043219665,134.07526558430752,108
82.33485892577212,133.67861087576128,108
81.74471156152934,134.04030040149257,108
81.16564183960074,134.3917355523235,108
80.5333186190505,134.7716015791253,108
79.95110501641176,135.11780344075572,108
79.3543994300107,135.46910825388318,108
78.73007364818193,135.832895512655,108
77.48989576303417,135.39319057705265,108
76.89199953793138,135.7336377139387,108
76.3059066548159,136.0639871883318,108
75.6788752791998,136.41373771169575,108
75.0764956136165,136.74618753873403,108
74.4858135652635,137.0688278840992,108
73.26301069280586,136.592573971742,108
72.65986577864228,136.91436705119622,108
72.028959216163,137.24732796756493,108
71.42317864973555,137.5635473211125,108
70.82900415351787,137.8704180403503,108
70.18045075116389,138.20167991874578,108
69.58353463617527,138.50318302312115,108
68.38159503827889,137.985352338648,108
67.78562899815384,138.2790964004489,108
67.13518904920141,138.59605474661964,108
66.53659977046026,138.8844155799548,108
65.92365517293823,139.1764049278452,108
65.28240911330535,139.47833903643615,108
64.10028511890279,138.92499216366858,108
63.48694234794732,139.20635097332453,108
62.88575393754727,139.4789659830695,108
62.24314754072376,139.76691519892572,108
61.62610958739559,140.0400750396911,108
60.98117898221755,140.32211447216275,108
59.81991237228132,139.7339546558838,108
59.203043357609744,139.99642730154574,108
58.59848608116473,140.25055233044733,108
57.9388848296782,140.52432396099005,108
57.33206174032148,140.77298993984596,108
56.68380467885474,141.03526611145685,108
56.061226819360456,141.28389450856815,108
54.924590969492236,140.65663619905735,108
54.317225081615476,140.8922959548645,108
53.65465591085097,141.14594538663937,108
53.04519074717842,141.37612152904555,108
52.38036240613961,141.62378908291316,108
51.76884747441668,141.84846291437415,108
51.14297883632053,142.0753170531309,108
50.48854731903391,142.3091936229479,108
49.87409285776752,142.52569895150413,108
49.203898333013655,142.75845470175997,108
48.10236357960715,142.0780159562178,108
47.95673787725102,143.18223106298015,108
46.860931835250945,142.49229125651664,108
46.204875650406144,142.7063750017164,108
45.57502939570503,142.908770534144,108
44.91682094909669,143.11701225160758,108
44.298933059806146,143.30947117955188,108
43.6664454271969,143.50345481469648,108
43.005771018523625,143.70283107546044,108
42.37156107585966,143.89110748060386,108
41.7088654335004,144.0845950969435,108
41.07298436001538,144.26714787421955,108
40.45017005450131,144.44301209321938,108
39.77132365513189,144.6313998228557,108
39.14694992112005,144.8016447139787,108
38.48009775915667,144.98028168149537,108
37.840297723264094,145.14858548471884,108
37.213710594998716,145.31049426573318,108
36.530825619716595,145.4836718657522,108
35.90280496876286,145.63992788852573,108
35.21813273183089,145.80700643961916,108
34.58872929063846,145.95759591764633,108
33.94465672353181,146.10872759668254,108
33.27209919726493,146.26334952751276,108
32.144129784822105,145.4914255905705,108
31.460196759128205,145.64084598723306,108
31.319901550731597,146.69377548775708,108
30.14654792191396,145.91842120990668,108
29.516710990787736,146.04712859993623,108
28.872292876288387,146.1758896127054,108
28.67094663512026,147.23442810377634,108
28.021300241948364,147.3594473820752,108
26.921651539016167,146.5476873867745,108
26.24714882836394,146.66999413098003,108
25.6000154071258,146.78432890181062,108
24.924181583755725,146.90059622881037,108
24.276043974666738,147.0090938987791,108
23.64155603929134,147.11246319751785,108
22.950357514380432,147.22187707661564,108
22.314963877123848,147.31952479954128,108
21.62255018379591,147.42274357625158,108
20.986302278197012,147.51466068390675,108
20.75696198540696,148.55688650862461,108
20.0730214064299,148.65084531080544,108
19.018777482487568,147.7812102503956,108
18.775569689730546,148.82028753777513,108
17.68608870122905,147.94661965199563,108
17.03340807394001,148.0231840266471,108
16.352221736409007,148.09998259379816,108
15.69887768538086,148.17066254633355,108
15.446483988447696,149.20256744572,108
14.362813704889692,148.3061346758071,108
13.722822029053946,148.36672186025717,108
13.399594746609445,149.40030408478637,108
12.385330426416811,148.484354698495,108
11.701812334507876,148.53978452955948,108
11.046573796539754,148.5899498867861,108
10.762218942426893,149.61341732423355,108
10.059155118079875,149.66233126044244,108
9.413352267929751,149.70433794342722,108
8.7529998030553,149.74439887504212,108
8.063982353888168,149.78308378650834,108
7.403295709750204,149.81719264701897,108
6.713696107435551,149.84967896054033,108
5.741352071238305,148.8893444017875,108
5.406033556906056,149.90255101625723,108
4.716323923094268,149.9258359611593,108
4.055040239439165,149.9451788109792,108
3.364887053395951,149.96225370111603,108
2.7034558958316346,149.97563577534618,108
2.0563697732570665,149.9859038155107,108
1.3519137353095778,149.99390764045145,108
0.7047613589894607,149.9983443622858,108
9.184850993605149e-15,150.0,108
-0.6471660788549635,149.99860391372442,108
-1.3375153475985158,149.9940367237809,108
-2.041972150612408,149.9861005218021,108
-2.6890592558666935,149.97589459749335,108
-3.3936776770951833,149.96160492547412,108
-3.9516653767650967,150.94828366281638,108
-4.602885989979428,150.9298295253899,108
-5.297479251568434,150.90704660014788,108
-5.962993104425356,150.8822147015233,108
-6.657352817604696,150.8531725004878,108
-7.322352601572505,150.82235627511673,108
-8.016422424095921,150.7870583688085,108
-8.681380632474463,150.75023592125518,108
-9.27699485111153,151.71663510153542,108
-9.975159815736307,151.6723316450648,108
-10.644003411648548,151.62686170785443,108
-11.341740723451236,151.57626765876645,108
-12.038973333878262,151.52248387967433,108
-12.707135963640818,151.46791308921354,108
-13.404119876618324,151.40782532727047,108
-14.07176353512649,151.3472347649982,108
-14.70453633151192,152.2917483361303,108
-15.40529072300494,152.22245897941505,108
-16.06190208818104,152.15457699757076,108
-16.776609246650434,152.07743219223948,108
-17.43258213918553,152.0036350879825,108
-18.146299831283937,151.92008360461477,108
-18.80158110465441,151.84037851627315,108
-19.514781790693327,151.75036504622196,108
-20.2129935643734,151.65894266796997,108
-20.84241088037059,152.5830721564283,108
-21.544441058246733,152.48553065615022,108
-22.260642658395454,152.38262298712155,108
-22.917615449455177,152.28520250540066,108
-23.632860669476695,152.17584531251043,108
-24.289194346776057,152.0724664033057,108
-24.988837998564975,151.95906677616009,108
-25.69336758347535,152.85565368091696,108
-26.367277266235877,152.74084813685383,108
-27.069975080126138,152.61787722662555,108
-27.74282267694,152.49700256043025,108
-28.46595312925023,153.38086423163526,108
-29.17157433664055,153.24822756143658,108
-29.847181611030493,153.11807780232274,108
-30.5513117379366,152.9791402482424,108
-31.255061957638365,152.83691014288462,108
-31.928834880214342,152.69757530226866,108
-32.63127463103358,152.5490082431022,108
-33.303764396597956,152.40360650921582,108
-34.00457089414079,152.24877391396407,108
-34.76601264844262,153.1023329819906,108
-35.440922053066686,152.94751074806172,108
-36.14420825758551,152.7828400358898,108
-36.80304433138059,152.62547601217312,108
-37.519735033930985,152.45087563862535,108
-38.17712606471703,152.28758007611358,108
-38.89221402739652,152.10652743405583,108
-39.68257099623438,152.93558630720588,108
-40.3860240517535,152.7513308003933,108
-40.95925877050161,151.562987305513,108
-41.76082860321103,152.3812101092954,108
-42.41787959333059,152.19961724920896,108
-43.22953828302969,153.01048009805103,108
-43.94770026300143,152.80575788102155,108
-44.60656258548898,152.61472594185284,108
-45.32311664781742,152.40346156609544,108
-45.980230485447656,152.20649921900548,108
-46.680261278538175,151.99326697905866,108
-47.349898427664755,151.7859911813005,108
-48.18935802170901,152.57059275448708,108
-50.26185865154832,151.90044623006142,108
-50.97499431479788,151.6626188439535,108
-51.98001089095647,153.43428061478323,108
-52.70033417132465,153.18836371680032,108
-53.36076576105503,152.9595654981859,108
-54.063917777200025,152.71245134100937,108
-54.942509538613045,153.46113724848848,108
-55.61880518859099,153.2173244427456,108
-56.50639206818354,153.9578762370952,108
-57.214371944174324,153.69617966310574,108
-57.89168213676186,153.44234467504765,108
-58.954306135104694,154.10837027276733,108
-59.63341734403453,153.84685741305282,108
-60.5436493666874,154.56541178854866,108
-61.254382615314434,154.28512763846248,108
-62.17346605207391,154.99503256256833,108
-62.84160423835961,154.7253462647584,108
-63.56787358751739,154.42838290794023,108
-64.4990774060001,155.12533324307415,108
-65.16775612179501,154.84561202065188,108
-66.10767618433047,155.53383924248672,108
-67.05356523666936,156.21721860618223,108
-67.78679752247582,155.90044926698212,108
-68.45851824590655,155.60665564035133,108
-69.41616059306398,156.27666699964507,108
-70.1047331767711,155.96899174583945,108
-71.0706379612967,156.63002400489597,108
-71.74574741278977,156.321936170776,108
-72.88575119587773,156.89699574119516,108
-73.57702595250646,156.57401205814517,108
-74.56036104438809,157.21562441732848,108
-75.23796455433563,156.89247493019076,108
-76.22978292887844,157.52466535313152,108
-76.96878254666139,157.16490229464324,108
-77.92352065855242,157.8097745013792,108
-78.64900174395197,157.4494665747707,108
-79.34265708261495,157.1010590895891,108
-80.3532906598768,157.70969748284142,108
-81.49078530306306,158.25059845286552,108
-82.512472353394,158.84801511548827,108
-82.9137498797659,157.50971424288605,108
-83.16764914882405,156.2438547113393,108
-83.85594326908523,155.87552976157596,108
-85.00523600978288,156.39088800477194,108
-85.73908612237733,155.98977245607983,108
-86.41129672384709,155.61840443374058,108
-86.6516735018148,154.33887222386616,108
-87.81006788687587,154.83343301012945,108
-88.85530069859828,155.38898139109375,108
-89.90530307833417,155.93920763679952,108
-90.91552478254138,156.50995927900277,108
-92.15594805531462,156.9435606771624,108
-91.99036353281284,154.71836677363467,108
-91.40338484291578,151.5731547446903,108
-91.70923138078109,150.21789800002645,108
-92.00301110408672,148.8638503726855,108
-92.28474649976984,147.51110318709306,108
-92.55471578880353,146.15958601902852,108
-92.68728894973512,144.8898425257903,108
-92.93419505182457,143.5417548662041,108
-93.16915170062359,142.19532049749805,108
-93.39243030572035,140.85046667154202,108
-93.99900691621838,140.44638371551162,108
-94.20458916138374,139.10246360483663,108
-94.39806386276695,137.76068212287922,108
-94.57970399251896,136.4209646377253,108
-94.74953802038263,135.08340033077369,108
-94.75369900291984,133.85714969796743,108
-95.36876186959014,133.41963595910988,108
-95.51046888675415,132.08614739264812,108
-95.64046734981768,130.75511846619412,108
-95.75878850430988,129.42663722814888,108
-95.86546420788984,128.1007914581553,108
-96.42951174208557,127.67673736896234,108
-96.50660851194172,126.36247272637087,108
-97.09924589876293,125.90765046609191,108
-97.17082566306408,124.58663909086884,108
-97.70744291534449,124.16624178473269,108
-97.7618159986471,122.84798465032574,108
-98.30267793789164,122.41561791797301,108
-98.86483165264428,121.96206402932964,108
-99.39010956539308,121.53438246265605,108
-99.41548345574806,120.21880738578254,108
-99.97922328271812,119.75038585234033,108
-99.98704061020238,118.43813452606275,108
-100.49710429402231,118.00564405364855,108
-101.01658281242301,117.56126061292845,108
-100.99048489097873,116.26229810856567,108
-101.53561803470319,115.78652024441729,108
-102.03422707342327,115.34737320602103,108
-101.99638764529222,114.04269773778275,108
-102.53088289217067,113.56239718036947,108
-102.46516152654911,112.27150428019657,108
-102.9591357056799,111.8186763234988,108
-103.45130307342761,111.3634944333637,108
-103.36315485927145,110.07751004423325,108
-103.87920315017477,109.59065267113213,108
-103.78462357316991,108.29936246246064,108
-104.25090878289487,107.85058190821472,108
-104.75648425580891,107.35957808394396,108
-105.21870577638327,106.90661324138414,108
-105.6891868437942,106.44151344422701,108
-105.67160237521743,105.04528762135854,108
-106.12383051000613,104.58839609575956,108
-105.9777139493645,103.30887738266578,108
-106.4619315768298,102.80981045080479,108
-106.90432888874335,102.34971648640457,108
-107.37425272004405,101.85661418293911,108
-107.20000330904848,100.58409064330202,108
-107.64258004580178,100.1103139595674,108
-108.07349818586495,99.64496469902454,108
-108.54047812038658,99.13609135626581,108
-108.96718467801448,98.6668772352074,108
-109.42938798250174,98.1540067739219,108
-109.20676970101002,96.90140066825947,108
-109.63308466357438,96.41880909422981,108
-110.0480574993379,95.9449062776259,108
-110.49763125148432,95.4267964872079,108
-110.90831606130992,94.94917286867003,108
-111.35303714897853,94.42722656997931,108
-111.75940141237542,93.94592165681028,108
-112.19956422796527,93.4197933366088,108
-111.92756721057667,92.18036503682245,108
-112.33303390062254,91.68581948524857,108
-112.05422849715323,90.44252249858896,108
-112.46929591305279,89.92584432087456,108
-112.17458760606924,88.68969441489973,108
-113.27505260960176,88.9087310464611,108
-113.66607687239438,88.40827432112296,108
-114.07176475855023,87.88419929014532,108
-113.75482514215315,86.65356170913091,108
-114.12762803681947,86.16196677588889,108
-114.53119250877263,85.62479747432086,108
-114.89954963549404,85.12986252520699,108
-115.2981087033674,84.58927904543502,108
-115.66199100953963,84.0910449198318,108
-115.39520587437204,82.75231997479766,108
-115.75891353916342,82.24277437095913,108
-116.13620305799837,81.7091325328532,108
-116.49544614836229,81.19612691929352,108
-116.86791075843679,80.65910633622255,108
-116.48083026770666,79.45574982432493,108
-117.58998617498158,79.60273331593356,108
-117.93233299511738,79.09465743227382,108
-118.30265036206764,78.5396900764854,108
-118.64040411243263,78.02854933957622,108
-118.58623456890027,76.27781440740003,108
-118.91409471595335,75.76567875948366,108
-119.59212267835065,74.69085749465142,108
-119.93461452845673,74.13965361337006,108
-120.59781856373486,73.05591117540379,108
-139.78726045504587,18.45323317126754,108
-139.8672564959108,17.836775501953802,108
-139.94786741561973,17.192859151988614,108
-140.02233423043802,16.57546128044425,108
-140.09713841368952,15.930844556881413,108
-140.16603774623246,15.312800610003984,108
-141.21392741161725,14.92068044649768,108
-140.29698158277066,14.062608533402031,108
-141.34135768787502,13.660915304187169,108
-141.40023354888353,13.037405889255478,108
-141.45871791360847,12.38673186268882,108
-141.5119729328277,11.7627172310928,108
-141.56461108407484,11.1112955416833,108
-141.61223984729264,10.486826280284232,108
-141.65898758895366,9.835203875501106,108
-141.70098731782537,9.210330784151624,108
-141.74187632044158,8.55806620450246,108
-142.76030112483687,8.276256565978414,108
-142.79761063474456,7.605418923891774,108
-142.82909471046875,6.989256340122993,108
-142.85853119873937,6.359250249739513,108
-142.88627612857323,5.701937750372318,108
-142.91003442866634,5.071691985659321,108
-142.93186288453245,4.413906700103365,108
-143.9462446325801,3.93429233502103,108
-143.96219654223432,3.2993888426640563,108
-143.97585697636993,2.636779839097825,108
-143.98589318804545,2.0155800258889798,108
-143.9937739509996,1.339053153696821,108
-143.99821103131475,0.7177881170226352,108
-144.99985004978586,0.2085318671445811,108
-144.99922936966445,-0.4727390437059365,108
-144.99584022228223,-1.0983251951970543,108
-144.9890825430601,-1.7793097880077966,108
-144.98005636834796,-2.4048400010491107,108
-144.96803990646495,-3.044241396075861,108
-144.95249365595194,-3.711412523718324,108
-144.93513187943864,-4.336766893634828,108
-145.9182803286513,-4.884205762367182,108
-145.89372174665945,-5.569735622837518,108
-145.86833358542,-6.199133569510131,108
-145.83760950134482,-6.884159711486975,108
-145.80655085779958,-7.513303331551545,108
-145.77042723989135,-8.184286303615293,108
-146.7387074255563,-8.760807216061279,108
-146.69864129324375,-9.407903205082437,108
-146.65378848840217,-10.082971883279185,108
-146.6078918637007,-10.729680483660198,108
-146.56023478028936,-11.362111649973267,108
-146.5052542929766,-12.050330474732426,108
-147.45791172875127,-12.655602261283365,108
-147.40193745903275,-13.291682862730179,108
-147.3378607344701,-13.9840907530626,108
-148.28252427415734,-14.604553909104528,108
-148.21813369359847,-15.244174112970795,108
-148.14640384316422,-15.926174315826627,108
-148.07475058637507,-16.57915072561979,108
-147.9968781354946,-17.260476880653112,108
-148.9463755531595,-17.747597290257847,108
-148.86841832023856,-18.39005238792056,108
-148.78037118370108,-19.08929413153171,108
-149.70314688174966,-19.747602733022877,108
-149.61655370084105,-20.39330426103988,108
-149.5190862099459,-21.096038939639087,108
-149.42667699431834,-21.7409337986126,108
-150.33769680955206,-22.41822736077049,108
-150.2373605407562,-23.08106361818767,108
-151.14237614399673,-23.76935282136656,108
-151.03841796626796,-24.42122638703769,108
-151.93746510499213,-25.11984668482864,108
-151.8202438992365,-25.818860206762615,108
-151.70489494880277,-26.488202063800298,108
-152.59448096971158,-27.201551014314074,108
-152.47570126191613,-27.859657655594287,108
-153.35895872372222,-28.58373277190468,108
-153.23145159111945,-29.259566696696226,108
-154.10824802185473,-29.994130953146527,108
-153.96857033622643,-30.703083698848456,108
-153.8316589520509,-31.38185310111404,108
-153.6948879941009,-32.04499031800109,108
-154.55843488138174,-32.79771649090343,108
-154.4026318412503,-33.52353323406285,108
-154.25661915975965,-34.189112965984776,108
-154.10433007647313,-34.869118883066314,108
-154.9541903950887,-35.639849592872984,108
-155.80057270601642,-36.41677559143988,108
-155.64200461998087,-37.08862895651252,108
-155.46965885192483,-37.80456555055369,108
-156.30544846794527,-38.5954243302818,108
-156.13370571791276,-39.28442361537478,108
-156.962234696818,-40.0856193538409,108
-156.78782679070238,-40.76245049366766,108
-157.60920431223934,-41.57329330306658,108
-158.42671640813236,-42.39074814316453,108
-158.23828921067098,-43.08879004660077,108
-159.0019488765761,-44.083786741280264,108
-159.82015080793133,-44.87225641451618,108
-159.60763818971546,-45.62238300988763,108
-160.40526453790596,-46.46666663883274,108
-161.21251650065895,-47.27075759414867,108
-160.99333312939177,-48.01194317967863,108
-161.77923501894293,-48.87206888075882,108
-162.5754515110323,-49.69127253335327,108
-163.3533941928411,-50.563510614654426,108
-163.1287984550908,-51.283477988513724,108
-163.89879559885827,-52.1649767683613,108
-164.60846878156318,-53.226422060750465,108
-164.8905750777119,-55.56166169708614,108
-173.4144574287622,-67.25641943107006,108
-174.11886749673855,-68.20278573235265,108
-174.8057087990424,-69.18789035130634,108
-175.4135398462599,-70.36398253797594,108
-176.11009729648944,-71.31082407475759,108
-176.7816441596539,-72.31355535589098,108
-177.37076074377055,-73.50927311010565,108
-178.05271095536148,-74.4730294901886,108
-178.70865110267,-75.49316539306167,108
-179.2713209258524,-76.7254422828571,108
-179.93841059810407,-77.7056522489073,108
-180.5781996429536,-78.74334139284159,108
-181.12866867095923,-79.97753050379755,108
-181.75724211384346,-81.02656934098647,108
-183.3161489796401,-82.43900486586669,108
-183.93318639624502,-83.50199364161425,108
-184.44743776245718,-84.7829151590371,108
-185.0774336930973,-85.80409977138139,108
-185.67755867738626,-86.884084869473,108
-187.17672722581267,-88.3961129520621,108
-187.6959899216423,-89.63378474289003,108
-189.17846523430293,-91.16747386866452,108
-189.75325444907025,-92.2751452233287,108
-190.32239207548602,-93.38836691293501,108
-190.80445344569745,-94.6713290563129,108
-191.3617151053417,-95.79506246118345,108
-192.80584524631394,-97.37507914684561,108
-193.27477031387406,-98.66034238800934,108
-192.90515564578183,-101.54605322353343,108
-175.84338791530783,-128.85302839462705,108
-173.5298742075087,-128.62108208814837,108
-172.0243075723746,-128.96758354038067,108
-170.63157920685862,-129.15441989097212,108
-168.33518662928455,-128.86917762787166,108
-166.8377546132752,-129.1749342388088,108
-165.34203137059788,-129.46819170068076,108
-163.9599163912071,-129.6076611045365,108
-162.46811772564908,-129.87729101996484,108
-161.1278622779004,-129.94926701507,108
-159.64038256503093,-130.19580736141455,108
-158.25493208145915,-130.30877357988123,108
-157.69124971094703,-130.9903422569761,108
-156.2073631966538,-131.20693458483316,108
-153.96364509112115,-130.7638940619898,108
-152.48812665463674,-130.95178971422828,108
-151.12817600411822,-130.9972305725135,108
-148.79339749835353,-130.63125529863424,108
-148.19060209242662,-131.31468102037977,108
-146.87710440733602,-131.28639000641505,108
-144.52317549609177,-130.91238193740827,108
-143.95701669799968,-131.53470014947325,108
-142.60236022086983,-131.53161923825496,108
-141.1627503828068,-131.6133652193476,108
-139.7137526590949,-131.6968766444871,108
-138.40691008004902,-131.62266993984446,108
-137.79966177566237,-132.2582822151908,108
-135.5259977076403,-131.73345795715176,108
-134.20441674230975,-131.6555146086044,108
-133.63514778168832,-132.2333062332116,108
-132.20357950569093,-132.25435178428899,108
-130.77579295136343,-132.26372132199413,108
-129.45317355184068,-132.16230876220732,108
-128.04587898171133,-132.1372501446921,108
-126.6299232867175,-132.11306721289927,108
-126.0460158888419,-132.67027503759016,108
-124.63434001463602,-132.62835778639536,108
-124.02260898314817,-133.20057229987088,108
-122.75595431474935,-133.011186297526,108
-121.35285285565777,-132.9416605274399,108
-119.14495250854706,-132.24401798091307,108
-118.57328464720216,-132.75683096539166,108
-117.94846266112349,-133.31226558677022,108
-117.3721970450368,-133.8199064445236,108
-116.08630604222863,-133.61500495629238,108
-113.94901730198319,-132.81800124950055,108
-112.53655769298898,-132.7084141364539,108
-111.96294772797945,-133.192711272283,108
-110.59392650896994,-133.03376796636468,108
-109.34498473333424,-132.76925213944267,108
-108.75835138939833,-133.2502195234971,108
-107.4004954670744,-133.06439634036946,108
-106.82539744059098,-133.52653092797618,108
-105.435301052678,-133.354404846376,108
-104.08908673303247,-133.14076018666577,108
-102.74837428591137,-132.91640824820036,108
-102.17395804366713,-133.3584729130135,108
-100.83985050455293,-133.11770937865262,108
-100.21329602437396,-133.5900269478646,108
-99.63599708889936,-134.02114789875827,108
-98.30990926239583,-133.7578473990199,108
-96.9896921204854,-133.48408003343866,108
-96.3743154877531,-133.9290532866825,108
-95.20219190155888,-133.53854371356144,108
-93.89499298185727,-133.23937215754574,108
-93.28100867151929,-133.66994210077277,108
-92.69055913342896,-134.08005163905744,108
-91.40517081101,-133.7501205569927,108
-90.11297309011374,-133.41908439522598,108
-89.48535462212018,-133.8408431987538,108
-88.20137343309405,-133.49351191917864,108
-87.62460270383914,-133.87280904274155,108
-87.00753616543139,-134.27467613225195,108
-86.41448050441022,-134.65711106047428,108
-85.79381709769008,-135.0534003563335,108
-84.5229327011211,-134.67321132133796,108
-83.92837919003884,-135.04453771453717,108
-83.34495642202673,-135.40538482279968,108
-82.70784660819102,-135.79547897274028,108
-81.46203961246806,-135.3807080132789,108
-80.86415980777942,-135.73867414477687,108
-80.23857738117505,-136.1094070953407,108
-78.99047202309902,-135.68163224831875,108
-78.391289050798,-136.0286947704573,108
-77.80367173073715,-136.36564327284086,108
-77.1623500305123,-136.72955692815177,108
-75.9401555563712,-136.26845847104215,108
-75.33865250935125,-136.60193057960498,108
-74.70915553829195,-136.94722369860332,108
-74.10443240015543,-137.2753914532783,108
-73.47184895317349,-137.61499704393435,108
-72.25259543310436,-137.1297285535859,108
-71.64709126210123,-137.44706004014833,108
-71.05341725932053,-137.75489790121037,108
-70.41890023331045,-138.08033346545434,108
-69.80922131782924,-138.38956831711823,108
-68.60643918206392,-137.8736976466424,108
-67.97116031071313,-138.18799284313863,108
-67.36103037752227,-138.48643105545943,108
-66.72294464186623,-138.7949878717472,108
-66.1103924921983,-139.08779962501202,108
-64.9380569224952,-138.53537007974091,108
-64.32666669260938,-138.82031534403723,108
-63.687076419714536,-139.1149032171228,108
-63.072900077705036,-139.39443775053522,108
-61.90296730842419,-138.8237106491977,108
-61.26338707874875,-139.10714361110072,108
-60.64926853277588,-139.37598870120794,108
-60.00740350885867,-139.65354103682805,108
-58.85359805150078,-139.05845532146682,108
-58.253090851750564,-139.31108141931026,108
-57.63810212995353,-139.56664781693743,108
-56.99514776357812,-139.83044422230768,108
-56.37788066184212,-140.08045749525195,108
-55.732574876302884,-140.338448394078,108
-54.600843804823604,-139.70951240270384,108
-53.984377608699404,-139.94887271500744,108
-53.380074075073935,-140.1804825635139,108
-52.734339682761956,-140.42467524699168,108
-52.11449320571445,-140.65589073306364,108
-51.46658419075725,-140.8942536505151,108
-50.84467899995098,-141.11987321916052,108
-49.59084781879329,-140.50533019289085,108
-49.570981697008285,-141.5723058143607,108
-48.95971503437128,-141.78485921900534,108
-48.30664344848872,-142.00869057469893,108
-47.09117127577669,-141.36273054760744,108
-46.44006229214094,-141.57796655660113,108
-45.81519051954241,-141.78141033879592,108
-45.16216811106094,-141.99076931796753,108
-44.53573629427021,-142.1884952896233,108
-43.464143035661735,-141.4739137444622,108
-42.81280802010603,-141.67238075727232,108
-42.201172490036505,-141.8557754921039,108
-41.57511668728484,-142.0405212340431,108
-40.92094664979027,-142.23036288108463,108
-40.29325120604527,-142.4094586298485,108
-39.637645613642455,-142.593327509415,108
-39.00836182021724,-142.76675981510198,108
-38.39204006569098,-142.93373030742038,108
-37.72005517684873,-143.11253417313065,108
-37.10225359000093,-143.2739431248518,108
-36.442704559059216,-143.44312212309492,108
-35.417366866124205,-142.669583739038,108
-35.14840623177265,-143.76574536156477,108
-34.51399523065729,-143.9193667760464,108
-33.499133059006084,-143.13213505113032,108
-32.88128619047895,-143.27533290298027,108
-32.59317737808216,-144.36649468765552,108
-31.92839737015892,-144.5149730698284,108
-31.29071326846786,-144.6543855648716,108
-30.29368838709575,-143.8446816670868,108
-29.672797112421048,-143.9740431866977,108
-28.996020647504785,-144.11186899977903,108
-28.3742404253011,-144.23557980015613,108
-27.696249487320042,-144.36730157600135,108
-27.07312757512265,-144.4854517358102,108
-26.40785854108539,-144.60852328709404,108
-25.76981553524711,-144.7235869071774,108
-25.131524040845598,-144.83579149983748,108
-24.46466316099342,-144.9499232715186,108
-23.839057639297195,-145.05412552171782,108
-23.15727089614639,-145.16453011890505,108
-22.53075163418682,-145.26308970553595,108
-21.889859415962352,-145.36104724013722,108
-21.220869299215604,-145.4602169192168,108
-20.57912040460074,-145.55239538864672,108
-19.90900963014953,-145.6455675108124,108
-19.280445193325093,-145.7301081902679,108
-18.595787225441143,-145.81905464467295,108
-17.966486511174196,-145.89792788947963,108
-17.280800058335505,-145.98073143173326,108
-16.650814038089848,-146.05392973785044,108
-16.006491061416224,-146.12594651156516,108
-15.333788995060349,-146.19806741217533,108
-14.689098397558366,-146.2642484965716,108
-14.015773760536161,-146.33030474202351,108
-13.384309915423115,-146.38941303280066,108
-12.696364840496917,-146.45068221021367,108
-12.064393914014762,-146.50409686929402,108
-11.376180370174225,-146.55914342061797,108
-10.743753781526701,-146.60686121284343,108
-10.054816191463471,-146.65572157729096,108
-9.421985220358605,-146.69773752347834,108
-8.74697737981486,-146.7395324604689,108
-8.099707471220043,-146.77668322618774,108
-7.466372814945058,-146.81026284626103,108
-6.776515735174659,-146.84372248921957,108
-6.14290415725179,-146.87159265329296,108
-5.453029919680726,-146.89882390507785,108
-4.819192927978809,-146.92098345547146,108
-4.128844855967485,-146.94200434237771,108
-3.494833889347589,-146.95845037317815,108
-2.818432806253045,-146.97297859306192,108
-2.170190960254687,-146.98397964130658,108
-1.4939429605032113,-146.99240842448552,108
-0.8456283025366164,-146.99756771040106,108
-0.2114081687604427,-146.99984798150703,108
0.31203671381224696,-147.99967105736835,108
1.0073962650430552,-147.9965714223312,108
1.6459092943716551,-147.99084763117853,108
2.3270074536240126,-147.98170507299466,108
2.9796481753147264,-147.9700026922732,108
3.660378041891786,-147.95472832116735,108
4.312886816063733,-147.93714546155007,108
4.993709569106964,-147.91572892948,108
5.6460333710956885,-147.89226588017533,108
6.284053207448552,-147.86652993590522,108
6.978463269178699,-147.83538497396597,108
7.616225294997382,-147.80390086955026,108
8.296399814623648,-147.76728240756108,108
8.880001872062168,-148.73515242454346,108
9.535901888144773,-148.69454117478446,108
10.220155174208276,-148.64907812770016,108
10.875662531056859,-148.60255705912522,108
11.516698203034053,-148.5542515800212,108
12.214280549218504,-148.49852305886745,108
12.854854913847312,-148.44444316020704,108
13.552165743936802,-148.382407325292,108
14.192226682117944,-148.32255628124597,108
14.87471862262681,-148.255666825581,108
15.346484006346563,-149.21288626872328,108
16.004428142365473,-149.14375038812676,108
16.690420193577026,-149.06854085876682,108
17.333412205587788,-148.9951436165326,108
18.033261019234875,-148.9120596090597,108
18.675565404056208,-148.8328702163565,108
19.33130586241354,-149.75747264712308,108
20.034714357764017,-149.66499330372085,108
20.68024860222038,-149.57716175188764,108
21.368446044472527,-149.4803984261631,108
22.027511455226847,-149.38470048532363,108
22.671817845543938,-149.2882737376867,108
23.35477621173226,-150.19505460600195,108
24.06019623672765,-150.08366652321016,108
24.707499355755978,-149.97846337252997,108
25.41162525940092,-149.860766385588,108
26.057954110965436,-149.74973464935027,108
26.761252004086735,-149.62565084628292,108
27.427936252077618,-150.52145465996523,108
28.12040825809715,-150.39362566079035,108
28.78343572650609,-150.26813976281895,108
29.474727515404208,-150.13407487273724,108
30.12219772390652,-150.00551057971796,108
30.854356035104455,-150.87746257695022,108
31.56289951464527,-150.7308308682348,108
32.212924956276716,-150.593251727165,108
32.959443151566994,-151.4551917470597,108
33.62710552129737,-151.30835328645782,108
34.323133506424355,-151.15198479113718,108
34.98944533901479,-150.9991348149654,108
35.68377248360364,-150.83656181887207,108
36.452422594626036,-151.68131357218263,108
37.1065033293806,-151.52263002821283,108
37.88495064066859,-152.3605280738883,108
38.55655802984469,-152.19195718858214,108
39.25660051987751,-152.01289193888377,108
39.92666134259421,-151.83827486517947,108
40.62479684376843,-151.65297847850712,108
41.29325698529749,-151.4723305674874,108
42.09689431320302,-152.28871097091542,108
42.75354309344655,-152.10566903622234,108
43.46746073003829,-151.90319238805543,108
44.12243345709142,-151.71424081418508,108
44.82021834799406,-151.50956414443985,108
45.48800516555791,-151.31041400398777,108
46.31563502627103,-152.1047729432356,108
46.971450951993525,-151.9035312145984,108
47.684637427916186,-151.68116347578618,108
48.338612974149086,-151.47401921034322,108
49.182904988048534,-152.2532162449667,108
49.85392920165471,-152.03481753584077,108
50.5094103771731,-151.8183106985133,108
51.36656359221287,-152.58596313136786,108
52.0829079010079,-152.34293782310726,108
52.905889660420264,-153.1174935767936,108
53.610039878536696,-152.87237691689663,108
54.28348540284366,-152.63454134801617,108
55.163152978912926,-153.3819629337982,108
55.82439691890061,-153.14253722803812,108
56.71297693640978,-153.88189707373073,108
57.39111109971275,-153.63027164833247,108
58.407389797326125,-154.31648264868923,108
59.116999995754355,-154.04603309239084,108
60.024546373965734,-154.76774157620716,108
60.7065552865049,-154.5015020808747,108
61.372577817772964,-154.23814927572687,108
62.29220491352739,-154.9473497902146,108
62.974983920750866,-154.67110719258838,108
63.903778403865516,-155.37151317313499,108
64.57352478891907,-155.09435804159628,108
65.5107989486904,-155.78618430754463,108
66.24202308745673,-155.4766682730269,108
67.1432561856052,-156.1786898036803,108
68.09521168343585,-156.85675677441526,108
68.77132705299012,-156.56150412975302,108
69.50615797307815,-156.23666024279163,108
70.42433366382424,-156.92167864258383,108
71.55944519852564,-157.50633575472196,108
72.25342030794793,-157.18919572859647,108
73.2313072333773,-157.83908147506023,108
74.21498389635633,-158.48386720819116,108
74.8980623789059,-158.16219602637514,108
75.59489764452107,-157.83032487489336,108
76.58933441242247,-158.4615847903274,108
77.58919404647027,-159.08776498278922,108
78.27484660546207,-158.75153035133673,108
79.4204304413359,-159.2997025374276,108
80.15275294280427,-158.93248942771197,108
81.16936333291686,-159.5385046191951,108
82.14543394819091,-160.16281616362585,108
82.89703768752806,-159.77509550187273,108
83.88065760927081,-160.39025930222905,108
85.08545456628192,-160.8864985673104,108
86.12642014856885,-161.46590894796398,108
86.82225361023201,-161.0928188282785,108
87.87058104382055,-161.66249097122488,108
88.89317141398847,-162.2436565045403,108
90.12319373972656,-162.70774397720507,108
90.82434782582773,-162.3173984575069,108
91.5393544330652,-161.91524508204182,108
92.60852621925481,-162.45818191613986,108
93.68241272650711,-162.99572247681957,108
95.2629398499984,-164.39273795133283,108
95.9710297059383,-163.9803691213735,108
