angle,distance,x,y,z
7.1246,221.0,219.2936099392401,27.41008281301643,60
7.9651,209.0,206.98370555017144,28.961105585248845,60
8.2782,207.0,204.84319296572116,29.803796664323247,60
8.5309,207.0,204.70975301963912,30.706953913378467,60
8.7946,207.0,204.56625869600455,31.648788335722134,60
9.0417,208.0,205.41543893617177,32.687879201010865,60
9.2944,208.0,205.26927337243202,33.593532251815496,60
9.5581,208.0,205.11248788563307,34.53791124787405,60
9.7614,209.0,205.97416999984708,35.435029178400505,60
10.058,208.0,204.8033449234717,36.3261601075241,60
10.2612,209.0,205.65723205445798,37.23040294838101,60
10.5304,209.0,205.4800384328099,38.19625381697749,60
10.7776,210.0,206.29569094808772,39.269426991631505,60
11.0303,210.0,206.1204893492806,40.17889832254105,60
11.2939,210.0,205.93345802648014,41.12676580106852,60
11.5466,210.0,205.75006828289318,42.034621463560114,60
11.7938,210.0,205.5667974429248,42.92192666993781,60
11.9971,211.0,206.39136391864807,43.85892041307191,60
12.2003,212.0,207.21193500907398,44.80194180831113,60
12.453,212.0,207.01232371449447,45.715400362737164,60
12.7002,212.0,206.8131606247608,46.60811723720338,60
12.9639,212.0,206.59646023933558,47.5594640064061,60
13.2166,212.0,206.38469306473553,48.47018123109207,60
13.4637,213.0,207.14625425332179,49.59263401774665,60
13.667,214.0,207.94066871444946,50.56360642386555,60
13.9362,214.0,207.70080504516858,51.540038645589604,60
14.1833,214.0,207.47659700931325,52.43530960559896,60
14.436,214.0,207.24331668552426,53.34986119179224,60
14.6997,214.0,206.99558342732723,54.30311631555242,60
14.9524,215.0,207.72021045981535,55.47354474458986,60
15.1996,215.0,207.47893984803184,56.36922493290806,60
15.4523,215.0,207.22830923257476,57.283748590751024,60
15.6555,216.0,207.98675072081403,58.28817654205668,60
15.9192,216.0,207.71628140230982,59.24480095667841,60
16.1719,217.0,208.4133963417685,60.43886353406157,60
16.4191,217.0,208.15069670572805,61.33748821821792,60
16.6718,217.0,207.87814736579932,62.254926293129714,60
16.875,218.0,208.61299318962153,63.28205964147279,60
17.1387,218.0,208.31953330605404,64.24151339397164,60
17.3859,219.0,208.99474212795414,65.43850367230255,60
17.6385,219.0,208.70421314516227,66.35926020879583,60
17.9022,219.0,208.39658973529816,67.31910120239145,60
18.089,220.0,209.1265791345909,68.30866635693958,60
18.3582,220.0,208.8033288253647,69.29047460832278,60
18.6053,220.0,208.50255831615482,70.1903353433965,60
18.858,220.0,208.1909606673823,71.10923917742669,60
19.1217,221.0,208.8063062246065,72.39424342332664,60
19.3744,221.0,208.48498543327003,73.3144654818487,60
19.5776,222.0,209.16585295839255,74.3884799964894,60
19.8248,222.0,208.84296152847293,75.29022127751239,60
20.0775,222.0,208.50886786513908,76.21057683548895,60
20.3412,223.0,209.09354587638035,77.51702440652659,60
20.5884,223.0,208.75715720065108,78.41842460482523,60
20.7916,224.0,209.4126110158096,79.51325894177155,60
21.0443,224.0,209.05988638856473,80.43608582719826,60
21.2915,224.0,208.71090390922214,81.33731363522801,60
21.5607,225.0,209.25647304271422,82.68451178862828,60
21.7474,226.0,209.91475900499202,83.73645533383964,60
22.0111,226.0,209.52714567595578,84.70168371931457,60
22.2638,226.0,209.1515367363363,85.62496528950517,60
22.511,227.0,209.70397233768705,86.909401020802,60
22.7802,227.0,209.2933217951684,87.8937167944563,60
22.9669,228.0,209.92653730204458,88.96543675143339,60
23.2306,228.0,209.51485789535027,89.93066396447422,60
23.4833,228.0,209.11618700967054,90.85384048314354,60
23.6865,230.0,210.6241731660851,92.39836404451651,60
23.9337,230.0,210.22356558962665,93.30622953899675,60
24.1864,230.0,209.81000010618976,94.23249893450058,60
24.4501,230.0,209.37408071728754,95.19713401038268,60
24.7028,231.0,209.86067154459658,96.53754989044909,60
24.95,231.0,209.44221280307528,97.44208277818844,60
25.1532,232.0,210.0004916811212,98.60929719700549,60
25.4059,232.0,209.5635395441813,99.53453116237782,60
25.6696,233.0,210.00452758773932,100.9311566992593,60
25.9167,234.0,210.4667197156811,102.27296755311701,60
26.1694,234.0,210.01360467258678,103.20022215298974,60
26.3727,235.0,210.54202627213874,104.38896097395566,60
27.1362,236.0,210.02225504033495,107.6413135732396,60
27.3395,237.0,210.52729580659866,108.84510884904712,60
27.6526,236.0,209.0435796976861,109.52982145140727,60
27.9053,236.0,208.55847263017444,110.45072880777559,60
28.2184,234.0,206.18948642638304,110.64310049535128,60
28.4656,233.0,204.83110085714722,111.05503195105199,60
28.7292,232.0,203.44110404892353,111.51554682354865,60
29.0424,231.0,201.9542214842364,112.14050305173414,60
29.295,230.0,200.5857544309859,112.54045992154208,60
29.6082,229.0,199.09814846923487,113.14118293584573,60
29.9213,227.0,196.74348182119707,113.2298651455185,60
30.1685,226.0,195.38857594214554,113.57510462817292,60
30.4816,224.0,193.04143200691394,113.62660572559588,60
30.7947,223.0,191.55861864000352,114.16783971300194,60
31.0419,222.0,190.2074749754073,114.4775806150698,60
31.355,221.0,188.72510121062083,114.99493977145656,60
31.6077,220.0,187.3644317162818,115.30208032656985,60
31.9208,219.0,185.88277478148032,115.79548367504435,60
32.1844,218.0,184.50173233301254,116.11679794981173,60
32.4811,217.0,183.05439432810405,116.53363770676253,60
32.7448,216.0,181.67503106581464,116.83399799388569,60
33.0579,215.0,180.19574780066165,117.27954840704471,60
33.3105,214.0,178.8412410005819,117.52365939406322,60
33.6237,212.0,176.53075973506952,117.39203919925387,60
33.8708,212.0,176.02284196416375,118.15227084935367,60
34.184,211.0,174.54711362117524,118.55085460053225,60
34.4366,211.0,174.02276365831065,119.31922614869639,60
34.7498,210.0,172.54627479625296,119.69871784583144,60
35.0574,208.0,170.2640188186527,119.47453241474304,60
35.3705,206.0,167.97774434114288,119.24545025308784,60
35.6396,205.0,166.60313763385025,119.45038522565068,60
35.9363,204.0,165.172675724709,119.72463069034762,60
36.2494,203.0,163.70951166989462,120.03414426239158,60
36.5131,203.0,163.15533060862862,120.78633239729194,60
36.8262,201.0,160.8919309615665,120.4773279561699,60
37.0734,200.0,159.57277734855052,120.56752767337451,60
37.3865,199.0,158.11698390060232,120.83054002269733,60
37.6996,198.0,156.6631048380423,121.08126024494693,60
37.9523,198.0,156.12756037969635,121.77103469168794,60
38.1995,197.0,154.81487108602744,121.82510287546121,60
38.5126,196.0,153.36436300295443,122.04659831678237,60
38.8257,195.0,151.91608060993408,122.25589741241934,60
39.0894,194.0,150.5756359486422,122.32325150461774,60
39.342,194.0,150.0348876292861,122.98590363967529,60
39.6991,192.0,147.72664102913052,122.64110049347411,60
39.9683,192.0,147.14879242613034,123.33382702053643,60
40.2155,191.0,145.85168502766675,123.3218795453195,60
40.5286,190.0,144.41552104049578,123.4672316147168,60
40.8417,189.0,142.98214660150452,123.60058961520316,60
41.0889,188.0,141.69385770676865,123.55909795791645,60
41.402,187.0,140.26645320147125,123.67021511374303,60
41.6547,187.0,139.71964980578565,124.2876480513998,60
41.9678,186.0,138.29486077175778,124.38059126777027,60
42.2314,185.0,136.98072655373318,124.34339770495005,60
42.5446,184.0,135.562224975719,124.41415980358727,60
42.8412,183.0,134.1831222427204,124.43427865823449,60
43.1049,183.0,133.60900264737785,125.05052743420548,60
43.418,182.0,132.19729799856077,125.09146414475977,60
43.6707,181.0,130.9209844044676,124.98278218444791,60
43.9178,181.0,130.3807542304604,125.54624218309475,60
44.231,180.0,128.9759940206851,125.5595196166989,60
44.5441,179.0,127.57522513471834,125.56098889315076,60
44.8077,179.0,126.99621010198784,126.14659178801367,60
45.1044,178.0,125.63545661650043,126.09413959722092,60
45.3735,177.0,124.33936686137511,125.97111513562295,60
45.6207,177.0,123.79471472060912,126.50639749531643,60
45.9338,176.0,122.40607060627502,126.46246035378093,60
46.1865,176.0,121.84712591100018,127.00109411823536,60
46.4996,175.0,120.4629369554472,126.93967394029319,60
46.8073,174.0,119.09503483386612,126.85571598442151,60
47.0599,174.0,118.53461023365364,127.37953594182942,60
47.373,173.0,117.15953957233197,127.28960007478686,60
47.6367,173.0,116.57245889697245,127.82746898344529,60
47.8894,172.0,115.33698678406189,127.59850892378459,60
48.1366,172.0,114.7853971369135,128.0949359034972,60
48.4497,171.0,113.42041855213462,127.97190572722825,60
48.7628,170.0,112.06023212388494,127.83780495745782,60
49.0265,170.0,111.47068238872848,128.35219892074784,60
49.2792,170.0,110.90350948629158,128.84258451158155,60
49.5923,169.0,109.54955832535538,128.685252732081,60
49.9054,168.0,108.20065783919647,128.51699359682024,60
50.1526,168.0,107.64517186409181,128.9826227611694,60
50.4657,167.0,106.30218630153779,128.79769092461692,60
50.7184,167.0,105.73309885541241,129.26527687833106,60
50.9821,167.0,105.13704631102519,129.75053561736593,60
51.2787,166.0,103.83843519395037,129.51285409746697,60
51.5424,166.0,103.2412632626822,129.98939018214352,60
51.8555,165.0,101.91173503383413,129.76516582809728,60
52.1082,165.0,101.3384233062916,130.2133785822135,60
52.3553,164.0,100.16514718100832,129.85739597807643,60
52.6685,163.0,98.84737981703609,129.60785278410643,60
52.9321,163.0,98.25005052319618,130.0612454660857,60
53.1848,163.0,97.6754685698946,130.4933057273496,60
53.4375,163.0,97.09898663226663,130.92282763134511,60
53.7451,162.0,95.80333550974062,130.63583315923725,60
54.0582,161.0,94.50106949977358,130.34779577499177,60
54.3109,161.0,93.92526019822415,130.76331862068923,60
54.5746,161.0,93.32243809998259,131.1942168964582,60
54.7778,162.0,93.43331959407287,132.341281502152,60
55.0745,161.0,92.17424406617663,132.00344211735126,60
55.3436,161.0,91.55325165939914,132.43489763121624,60
55.6512,160.0,90.27671191210864,132.09888450073353,60
55.9644,159.0,88.99355727532978,131.76170446485048,60
56.217,159.0,88.41179624095285,132.1527687392445,60
56.4642,159.0,87.84080810995194,132.53298619811824,60
56.7334,159.0,87.21714437649413,132.94423540270478,60
56.9806,159.0,86.64275262855946,133.31929124078874,60
57.2937,158.0,85.37258969246011,132.9493171445527,60
57.5464,158.0,84.7853953395843,133.3245541418024,60
57.7936,158.0,84.20938536194532,133.68911480357474,60
58.0573,158.0,83.59320043219665,134.07526558430752,60
58.3704,157.0,82.33485892577212,133.67861087576128,60
58.623,157.0,81.74471156152934,134.04030040149257,60
58.8702,157.0,81.16564183960074,134.3917355523235,60
59.1394,157.0,80.5333186190505,134.7716015791253,60
59.3866,157.0,79.95110501641176,135.11780344075572,60
59.6393,157.0,79.3543994300107,135.46910825388318,60
59.903,157.0,78.73007364818193,135.832895512655,60
60.2161,156.0,77.48989576303417,135.39319057705265,60
60.4688,156.0,76.89199953793138,135.7336377139387,60
60.7159,156.0,76.3059066548159,136.0639871883318,60
60.9796,156.0,75.6788752791998,136.41373771169575,60
61.2323,156.0,75.0764956136165,136.74618753873403,60
61.4795,156.0,74.4858135652635,137.0688278840992,60
61.7926,155.0,73.26301069280586,136.592573971742,60
62.0453,155.0,72.65986577864228,136.91436705119622,60
62.309,155.0,72.028959216163,137.24732796756493,60
62.5616,155.0,71.42317864973555,137.5635473211125,60
62.8088,155.0,70.82900415351787,137.8704180403503,60
63.078,155.0,70.18045075116389,138.20167991874578,60
63.3252,155.0,69.58353463617527,138.50318302312115,60
63.6383,154.0,68.38159503827889,137.985352338648,60
63.8855,154.0,67.78562899815384,138.2790964004489,60
64.1547,154.0,67.13518904920141,138.59605474661964,60
64.4019,154.0,66.53659977046026,138.8844155799548,60
64.6545,154.0,65.92365517293823,139.1764049278452,60
64.9182,154.0,65.28240911330535,139.47833903643615,60
65.2313,153.0,64.10028511890279,138.92499216366858,60
65.484,153.0,63.48694234794732,139.20635097332453,60
65.7312,153.0,62.88575393754727,139.4789659830695,60
65.9949,153.0,62.24314754072376,139.76691519892572,60
66.2476,153.0,61.62610958739559,140.0400750396911,60
66.5112,153.0,60.98117898221755,140.32211447216275,60
66.8243,152.0,59.81991237228132,139.7339546558838,60
67.077,152.0,59.203043357609744,139.99642730154574,60
67.3242,152.0,58.59848608116473,140.25055233044733,60
67.5934,152.0,57.9388848296782,140.52432396099005,60
67.8406,152.0,57.33206174032148,140.77298993984596,60
68.1042,152.0,56.68380467885474,141.03526611145685,60
68.3569,152.0,56.061226819360456,141.28389450856815,60
68.67,151.0,54.924590969492236,140.65663619905735,60
68.9172,151.0,54.317225081615476,140.8922959548645,60
69.1864,151.0,53.65465591085097,141.14594538663937,60
69.4336,151.0,53.04519074717842,141.37612152904555,60
69.7028,151.0,52.38036240613961,141.62378908291316,60
69.95,151.0,51.76884747441668,141.84846291437415,60
70.2026,151.0,51.14297883632053,142.0753170531309,60
70.4663,151.0,50.48854731903391,142.3091936229479,60
70.7135,151.0,49.87409285776752,142.52569895150413,60
70.9827,151.0,49.203898333013655,142.75845470175997,60
71.2958,150.0,48.10236357960715,142.0780159562178,60
71.4825,151.0,47.95673787725102,143.18223106298015,60
71.7957,150.0,46.860931835250945,142.49229125651664,60
72.0593,150.0,46.204875650406144,142.7063750017164,60
72.312,150.0,45.57502939570503,142.908770534144,60
72.5757,150.0,44.91682094909669,143.11701225160758,60
72.8229,150.0,44.298933059806146,143.30947117955188,60
73.0756,150.0,43.6664454271969,143.50345481469648,60
73.3392,150.0,43.005771018523625,143.70283107546044,60
73.5919,150.0,42.37156107585966,143.89110748060386,60
73.8556,150.0,41.7088654335004,144.0845950969435,60
74.1083,150.0,41.07298436001538,144.26714787421955,60
74.3555,150.0,40.45017005450131,144.44301209321938,60
74.6246,150.0,39.77132365513189,144.6313998228557,60
74.8718,150.0,39.14694992112005,144.8016447139787,60
75.1355,150.0,38.48009775915667,144.98028168149537,60
75.3882,150.0,37.840297723264094,145.14858548471884,60
75.6354,150.0,37.213710594998716,145.31049426573318,60
75.9045,150.0,36.530825619716595,145.4836718657522,60
76.1517,150.0,35.90280496876286,145.63992788852573,60
76.4209,150.0,35.21813273183089,145.80700643961916,60
76.6681,150.0,34.58872929063846,145.95759591764633,60
76.9208,150.0,33.94465672353181,146.10872759668254,60
77.1844,150.0,33.27209919726493,146.26334952751276,60
77.5415,149.0,32.144129784822105,145.4914255905705,60
77.8107,149.0,31.460196759128205,145.64084598723306,60
77.948,150.0,31.319901550731597,146.69377548775708,60
78.327,149.0,30.14654792191396,145.91842120990668,60
78.5742,149.0,29.516710990787736,146.04712859993623,60
78.8269,149.0,28.872292876288387,146.1758896127054,60
78.9807,150.0,28.67094663512026,147.23442810377634,60
79.2334,150.0,28.021300241948364,147.3594473820752,60
79.5905,149.0,26.921651539016167,146.5476873867745,60
79.8541,149.0,26.24714882836394,146.66999413098003,60
80.1068,149.0,25.6000154071258,146.78432890181062,60
80.3705,149.0,24.924181583755725,146.90059622881037,60
80.6232,149.0,24.276043974666738,147.0090938987791,60
80.8704,149.0,23.64155603929134,147.11246319751785,60
81.1395,149.0,22.950357514380432,147.22187707661564,60
81.3867,149.0,22.314963877123848,147.31952479954128,60
81.6559,149.0,21.62255018379591,147.42274357625158,60
81.9031,149.0,20.986302278197012,147.51466068390675,60
82.0459,150.0,20.75696198540696,148.55688650862461,60
82.3096,150.0,20.0730214064299,148.65084531080544,60
82.6666,149.0,19.018777482487568,147.7812102503956,60
82.8094,150.0,18.775569689730546,148.82028753777513,60
83.183,149.0,17.68608870122905,147.94661965199563,60
83.4357,149.0,17.03340807394001,148.0231840266471,60
83.6993,149.0,16.352221736409007,148.09998259379816,60
83.952,149.0,15.69887768538086,148.17066254633355,60
84.0894,150.0,15.446483988447696,149.20256744572,60
84.4684,149.0,14.362813704889692,148.3061346758071,60
84.7156,149.0,13.722822029053946,148.36672186025717,60
84.8749,150.0,13.399594746609445,149.40030408478637,60
85.2319,149.0,12.385330426416811,148.484354698495,60
85.4956,149.0,11.701812334507876,148.53978452955948,60
85.7483,149.0,11.046573796539754,148.5899498867861,60
85.8856,150.0,10.762218942426893,149.61341732423355,60
86.1548,150.0,10.059155118079875,149.66233126044244,60
86.402,150.0,9.413352267929751,149.70433794342722,60
86.6547,150.0,8.7529998030553,149.74439887504212,60
86.9183,150.0,8.063982353888168,149.78308378650834,60
87.171,150.0,7.403295709750204,149.81719264701897,60
87.4347,150.0,6.713696107435551,149.84967896054033,60
87.7917,149.0,5.741352071238305,148.8893444017875,60
87.9346,150.0,5.406033556906056,149.90255101625723,60
88.1982,150.0,4.716323923094268,149.9258359611593,60
88.4509,150.0,4.055040239439165,149.9451788109792,60
88.7146,150.0,3.364887053395951,149.96225370111603,60
88.9673,150.0,2.7034558958316346,149.97563577534618,60
89.2145,150.0,2.0563697732570665,149.9859038155107,60
89.4836,150.0,1.3519137353095778,149.99390764045145,60
89.7308,150.0,0.7047613589894607,149.9983443622858,60
90.0,150.0,9.184850993605149e-15,150.0,60
90.2472,150.0,-0.6471660788549635,149.99860391372442,60
90.5109,150.0,-1.3375153475985158,149.9940367237809,60
90.78,150.0,-2.041972150612408,149.9861005218021,60
91.0272,150.0,-2.6890592558666935,149.97589459749335,60
91.2964,150.0,-3.3936776770951833,149.96160492547412,60
91.4996,151.0,-3.9516653767650967,150.94828366281638,60
91.7468,151.0,-4.602885989979428,150.9298295253899,60
92.0105,151.0,-5.297479251568434,150.90704660014788,60
92.2632,151.0,-5.962993104425356,150.8822147015233,60
92.5269,151.0,-6.657352817604696,150.8531725004878,60
92.7795,151.0,-7.322352601572505,150.82235627511673,60
93.0432,151.0,-8.016422424095921,150.7870583688085,60
93.2959,151.0,-8.681380632474463,150.75023592125518,60
93.4991,152.0,-9.27699485111153,151.71663510153542,60
93.7628,152.0,-9.975159815736307,151.6723316450648,60
94.0155,152.0,-10.644003411648548,151.62686170785443,60
94.2792,152.0,-11.341740723451236,151.57626765876645,60
94.5428,152.0,-12.038973333878262,151.52248387967433,60
94.7955,152.0,-12.707135963640818,151.46791308921354,60
95.0592,152.0,-13.404119876618324,151.40782532727047,60
95.3119,152.0,-14.07176353512649,151.3472347649982,60
95.5151,153.0,-14.70453633151192,152.2917483361303,60
95.7788,153.0,-15.40529072300494,152.22245897941505,60
96.026,153.0,-16.06190208818104,152.15457699757076,60
96.2952,153.0,-16.776609246650434,152.07743219223948,60
96.5424,153.0,-17.43258213918553,152.0036350879825,60
96.8115,153.0,-18.146299831283937,151.92008360461477,60
97.0587,153.0,-18.80158110465441,151.84037851627315,60
97.3279,153.0,-19.514781790693327,151.75036504622196,60
97.5916,153.0,-20.2129935643734,151.65894266796997,60
97.7783,154.0,-20.84241088037059,152.5830721564283,60
98.042,154.0,-21.544441058246733,152.48553065615022,60
98.3112,154.0,-22.260642658395454,152.38262298712155,60
98.5583,154.0,-22.917615449455177,152.28520250540066,60
98.8275,154.0,-23.632860669476695,152.17584531251043,60
99.0747,154.0,-24.289194346776057,152.0724664033057,60
99.3384,154.0,-24.988837998564975,151.95906677616009,60
99.5416,155.0,-25.69336758347535,152.85565368091696,60
99.7943,155.0,-26.367277266235877,152.74084813685383,60
100.058,155.0,-27.069975080126138,152.61787722662555,60
100.3107,155.0,-27.74282267694,152.49700256043025,60
100.5139,156.0,-28.46595312925023,153.38086423163526,60
100.7776,156.0,-29.17157433664055,153.24822756143658,60
101.0303,156.0,-29.847181611030493,153.11807780232274,60
101.2939,156.0,-30.5513117379366,152.9791402482424,60
101.5576,156.0,-31.255061957638365,152.83691014288462,60
101.8103,156.0,-31.928834880214342,152.69757530226866,60
102.074,156.0,-32.63127463103358,152.5490082431022,60
102.3267,156.0,-33.303764396597956,152.40360650921582,60
102.5903,156.0,-34.00457089414079,152.24877391396407,60
102.7936,157.0,-34.76601264844262,153.1023329819906,60
103.0463,157.0,-35.440922053066686,152.94751074806172,60
103.3099,157.0,-36.14420825758551,152.7828400358898,60
103.5571,157.0,-36.80304433138059,152.62547601217312,60
103.8263,157.0,-37.519735033930985,152.45087563862535,60
104.0735,157.0,-38.17712606471703,152.28758007611358,60
104.3427,157.0,-38.89221402739652,152.10652743405583,60
104.5459,158.0,-39.68257099623438,152.93558630720588,60
104.8096,158.0,-40.3860240517535,152.7513308003933,60
105.1227,157.0,-40.95925877050161,151.562987305513,60
105.3259,158.0,-41.76082860321103,152.3812101092954,60
105.5731,158.0,-42.41787959333059,152.19961724920896,60
105.7764,159.0,-43.22953828302969,153.01048009805103,60
106.0455,159.0,-43.94770026300143,152.80575788102155,60
106.2927,159.0,-44.60656258548898,152.61472594185284,60
106.5619,159.0,-45.32311664781742,152.40346156609544,60
106.8091,159.0,-45.980230485447656,152.20649921900548,60
107.0728,159.0,-46.680261278538175,151.99326697905866,60
107.3254,159.0,-47.349898427664755,151.7859911813005,60
107.5287,160.0,-48.18935802170901,152.57059275448708,60
108.3087,160.0,-50.26185865154832,151.90044623006142,60
108.5779,160.0,-50.97499431479788,151.6626188439535,60
108.7152,162.0,-51.98001089095647,153.43428061478323,60
108.9844,162.0,-52.70033417132465,153.18836371680032,60
109.2316,162.0,-53.36076576105503,152.9595654981859,60
109.4952,162.0,-54.063917777200025,152.71245134100937,60
109.6985,163.0,-54.942509538613045,153.46113724848848,60
109.9512,163.0,-55.61880518859099,153.2173244427456,60
110.1544,164.0,-56.50639206818354,153.9578762370952,60
110.4181,164.0,-57.214371944174324,153.69617966310574,60
110.6708,164.0,-57.89168213676186,153.44234467504765,60
110.9344,165.0,-58.954306135104694,154.10837027276733,60
111.1871,165.0,-59.63341734403453,153.84685741305282,60
111.3904,166.0,-60.5436493666874,154.56541178854866,60
111.6541,166.0,-61.254382615314434,154.28512763846248,60
111.8573,167.0,-62.17346605207391,154.99503256256833,60
112.1045,167.0,-62.84160423835961,154.7253462647584,60
112.3737,167.0,-63.56787358751739,154.42838290794023,60
112.5769,168.0,-64.4990774060001,155.12533324307415,60
112.8241,168.0,-65.16775612179501,154.84561202065188,60
113.0273,169.0,-66.10767618433047,155.53383924248672,60
113.2306,170.0,-67.05356523666936,156.21721860618223,60
113.4998,170.0,-67.78679752247582,155.90044926698212,60
113.7469,170.0,-68.45851824590655,155.60665564035133,60
113.9502,171.0,-69.41616059306398,156.27666699964507,60
114.2029,171.0,-70.1047331767711,155.96899174583945,60
114.4061,172.0,-71.0706379612967,156.63002400489597,60
114.6533,172.0,-71.74574741278977,156.321936170776,60
114.917,173.0,-72.88575119587773,156.89699574119516,60
115.1697,173.0,-73.57702595250646,156.57401205814517,60
115.3729,174.0,-74.56036104438809,157.21562441732848,60
115.6201,174.0,-75.23796455433563,156.89247493019076,60
115.8234,175.0,-76.22978292887844,157.52466535313152,60
116.0925,175.0,-76.96878254666139,157.16490229464324,60
116.2793,176.0,-77.92352065855242,157.8097745013792,60
116.543,176.0,-78.64900174395197,157.4494665747707,60
116.7957,176.0,-79.34265708261495,157.1010590895891,60
116.9989,177.0,-80.3532906598768,157.70969748284142,60
117.2461,178.0,-81.49078530306306,158.25059845286552,60
117.4493,179.0,-82.512472353394,158.84801511548827,60
117.7625,178.0,-82.9137498797659,157.50971424288605,60
118.0261,177.0,-83.16764914882405,156.2438547113393,60
118.2788,177.0,-83.85594326908523,155.87552976157596,60
118.526,178.0,-85.00523600978288,156.39088800477194,60
118.7952,178.0,-85.73908612237733,155.98977245607983,60
119.0424,178.0,-86.41129672384709,155.61840443374058,60
119.3115,177.0,-86.6516735018148,154.33887222386616,60
119.5587,178.0,-87.81006788687587,154.83343301012945,60
119.762,179.0,-88.85530069859828,155.38898139109375,60
119.9652,180.0,-89.90530307833417,155.93920763679952,60
120.152,181.0,-90.91552478254138,156.50995927900277,60
120.4211,182.0,-92.15594805531462,156.9435606771624,60
120.7343,180.0,-91.99036353281284,154.71836677363467,60
121.0913,177.0,-91.40338484291578,151.5731547446903,60
121.4044,176.0,-91.70923138078109,150.21789800002645,60
121.7175,175.0,-92.00301110408672,148.8638503726855,60
122.0306,174.0,-92.28474649976984,147.51110318709306,60
122.3438,173.0,-92.55471578880353,146.15958601902852,60
122.6074,172.0,-92.68728894973512,144.8898425257903,60
122.9205,171.0,-92.93419505182457,143.5417548662041,60
123.2336,170.0,-93.16915170062359,142.19532049749805,60
123.5468,169.0,-93.39243030572035,140.85046667154202,60
123.7939,169.0,-93.99900691621838,140.44638371551162,60
124.1071,168.0,-94.20458916138374,139.10246360483663,60
124.4202,167.0,-94.39806386276695,137.76068212287922,60
124.7333,166.0,-94.57970399251896,136.4209646377253,60
125.0464,165.0,-94.74953802038263,135.08340033077369,60
125.2936,164.0,-94.75369900291984,133.85714969796743,60
125.5573,164.0,-95.36876186959014,133.41963595910988,60
125.8704,163.0,-95.51046888675415,132.08614739264812,60
126.1835,162.0,-95.64046734981768,130.75511846619412,60
126.4966,161.0,-95.75878850430988,129.42663722814888,60
126.8097,160.0,-95.86546420788984,128.1007914581553,60
127.0624,160.0,-96.42951174208557,127.67673736896234,60
127.37,159.0,-96.50660851194172,126.36247272637087,60
127.6392,159.0,-97.09924589876293,125.90765046609191,60
127.9523,158.0,-97.17082566306408,124.58663909086884,60
128.1995,158.0,-97.70744291534449,124.16624178473269,60
128.5126,157.0,-97.7618159986471,122.84798465032574,60
128.7653,157.0,-98.30267793789164,122.41561791797301,60
129.0289,157.0,-98.86483165264428,121.96206402932964,60
129.2761,157.0,-99.39010956539308,121.53438246265605,60
129.5892,156.0,-99.41548345574806,120.21880738578254,60
129.8584,156.0,-99.97922328271812,119.75038585234033,60
130.1715,155.0,-99.98704061020238,118.43813452606275,60
130.4187,155.0,-100.49710429402231,118.00564405364855,60
130.6714,155.0,-101.01658281242301,117.56126061292845,60
130.979,154.0,-100.99048489097873,116.26229810856567,60
131.2482,154.0,-101.53561803470319,115.78652024441729,60
131.4954,154.0,-102.03422707342327,115.34737320602103,60
131.8085,153.0,-101.99638764529222,114.04269773778275,60
132.0776,153.0,-102.53088289217067,113.56239718036947,60
132.3853,152.0,-102.46516152654911,112.27150428019657,60
132.6379,152.0,-102.9591357056799,111.8186763234988,60
132.8906,152.0,-103.45130307342761,111.3634944333637,60
133.1982,151.0,-103.36315485927145,110.07751004423325,60
133.4674,151.0,-103.87920315017477,109.59065267113213,60
133.7805,150.0,-103.78462357316991,108.29936246246064,60
134.0277,150.0,-104.25090878289487,107.85058190821472,60
134.2969,150.0,-104.75648425580891,107.35957808394396,60
134.5441,150.0,-105.21870577638327,106.90661324138414,60
134.7968,150.0,-105.6891868437942,106.44151344422701,60
135.1703,149.0,-105.67160237521743,105.04528762135854,60
135.4175,149.0,-106.12383051000613,104.58839609575956,60
135.7306,148.0,-105.9777139493645,103.30887738266578,60
135.9998,148.0,-106.4619315768298,102.80981045080479,60
136.2469,148.0,-106.90432888874335,102.34971648640457,60
136.5106,148.0,-107.37425272004405,101.85661418293911,60
136.8237,147.0,-107.20000330904848,100.58409064330202,60
137.0764,147.0,-107.64258004580178,100.1103139595674,60
137.3236,147.0,-108.07349818586495,99.64496469902454,60
137.5928,147.0,-108.54047812038658,99.13609135626581,60
137.84,147.0,-108.96718467801448,98.6668772352074,60
138.1091,147.0,-109.42938798250174,98.1540067739219,60
138.4167,146.0,-109.20676970101002,96.90140066825947,60
138.6694,146.0,-109.63308466357438,96.41880909422981,60
138.9166,146.0,-110.0480574993379,95.9449062776259,60
139.1858,146.0,-110.49763125148432,95.4267964872079,60
139.433,146.0,-110.90831606130992,94.94917286867003,60
139.7021,146.0,-111.35303714897853,94.42722656997931,60
139.9493,146.0,-111.75940141237542,93.94592165681028,60
140.2185,146.0,-112.19956422796527,93.4197933366088,60
140.5261,145.0,-111.92756721057667,92.18036503682245,60
140.7788,145.0,-112.33303390062254,91.68581948524857,60
141.0919,144.0,-112.05422849715323,90.44252249858896,60
141.3556,144.0,-112.46929591305279,89.92584432087456,60
141.6687,143.0,-112.17458760606924,88.68969441489973,60
141.8719,144.0,-113.27505260960176,88.9087310464611,60
142.1246,144.0,-113.66607687239438,88.40827432112296,60
142.3883,144.0,-114.07176475855023,87.88419929014532,60
142.7014,143.0,-113.75482514215315,86.65356170913091,60
142.9486,143.0,-114.12762803681947,86.16196677588889,60
143.2178,143.0,-114.53119250877263,85.62479747432086,60
143.465,143.0,-114.89954963549404,85.12986252520699,60
143.7341,143.0,-115.2981087033674,84.58927904543502,60
143.9813,143.0,-115.66199100953963,84.0910449198318,60
144.3549,142.0,-115.39520587437204,82.75231997479766,60
144.6075,142.0,-115.75891353916342,82.24277437095913,60
144.8712,142.0,-116.13620305799837,81.7091325328532,60
145.1239,142.0,-116.49544614836229,81.19612691929352,60
145.3876,142.0,-116.86791075843679,80.65910633622255,60
145.7007,141.0,-116.48083026770666,79.45574982432493,60
145.9039,142.0,-117.58998617498158,79.60273331593356,60
146.1511,142.0,-117.93233299511738,79.09465743227382,60
146.4203,142.0,-118.30265036206764,78.5396900764854,60
146.6675,142.0,-118.64040411243263,78.02854933957622,60
147.2498,141.0,-118.58623456890027,76.27781440740003,60
147.4969,141.0,-118.91409471595335,75.76567875948366,60
148.0133,141.0,-119.59212267835065,74.69085749465142,60
148.277,141.0,-119.93461452845673,74.13965361337006,60
148.7933,141.0,-120.59781856373486,73.05591117540379,60
172.4799,141.0,-139.78726045504587,18.45323317126754,60
172.7325,141.0,-139.8672564959108,17.836775501953802,60
172.9962,141.0,-139.94786741561973,17.192859151988614,60
173.2489,141.0,-140.02233423043802,16.57546128044425,60
173.5126,141.0,-140.09713841368952,15.930844556881413,60
173.7653,141.0,-140.16603774623246,15.312800610003984,60
173.9685,142.0,-141.21392741161725,14.92068044649768,60
174.2761,141.0,-140.29698158277066,14.062608533402031,60
174.4794,142.0,-141.34135768787502,13.660915304187169,60
174.7321,142.0,-141.40023354888353,13.037405889255478,60
174.9957,142.0,-141.45871791360847,12.38673186268882,60
175.2484,142.0,-141.5119729328277,11.7627172310928,60
175.5121,142.0,-141.56461108407484,11.1112955416833,60
175.7648,142.0,-141.61223984729264,10.486826280284232,60
176.0284,142.0,-141.65898758895366,9.835203875501106,60
176.2811,142.0,-141.70098731782537,9.210330784151624,60
176.5448,142.0,-141.74187632044158,8.55806620450246,60
176.6821,143.0,-142.76030112483687,8.276256565978414,60
176.9513,143.0,-142.79761063474456,7.605418923891774,60
177.1985,143.0,-142.82909471046875,6.989256340122993,60
177.4512,143.0,-142.85853119873937,6.359250249739513,60
177.7148,143.0,-142.88627612857323,5.701937750372318,60
177.9675,143.0,-142.91003442866634,5.071691985659321,60
178.2312,143.0,-142.93186288453245,4.413906700103365,60
178.4344,144.0,-143.9462446325801,3.93429233502103,60
178.6871,144.0,-143.96219654223432,3.2993888426640563,60
178.9508,144.0,-143.97585697636993,2.636779839097825,60
179.198,144.0,-143.98589318804545,2.0155800258889798,60
179.4672,144.0,-143.9937739509996,1.339053153696821,60
179.7144,144.0,-143.99821103131475,0.7177881170226352,60
179.9176,145.0,-144.99985004978586,0.2085318671445811,60
180.1868,145.0,-144.99922936966445,-0.4727390437059365,60
180.434,145.0,-144.99584022228223,-1.0983251951970543,60
180.7031,145.0,-144.9890825430601,-1.7793097880077966,60
180.9503,145.0,-144.98005636834796,-2.4048400010491107,60
181.203,145.0,-144.96803990646495,-3.044241396075861,60
181.4667,145.0,-144.95249365595194,-3.711412523718324,60
181.7139,145.0,-144.93513187943864,-4.336766893634828,60
181.9171,146.0,-145.9182803286513,-4.884205762367182,60
182.1863,146.0,-145.89372174665945,-5.569735622837518,60
182.4335,146.0,-145.86833358542,-6.199133569510131,60
182.7026,146.0,-145.83760950134482,-6.884159711486975,60
182.9498,146.0,-145.80655085779958,-7.513303331551545,60
183.2135,146.0,-145.77042723989135,-8.184286303615293,60
183.4167,147.0,-146.7387074255563,-8.760807216061279,60
183.6694,147.0,-146.69864129324375,-9.407903205082437,60
183.9331,147.0,-146.65378848840217,-10.082971883279185,60
184.1858,147.0,-146.6078918637007,-10.729680483660198,60
184.433,147.0,-146.56023478028936,-11.362111649973267,60
184.7021,147.0,-146.5052542929766,-12.050330474732426,60
184.9054,148.0,-147.45791172875127,-12.655602261283365,60
185.1526,148.0,-147.40193745903275,-13.291682862730179,60
185.4218,148.0,-147.3378607344701,-13.9840907530626,60
185.625,149.0,-148.28252427415734,-14.604553909104528,60
185.8722,149.0,-148.21813369359847,-15.244174112970795,60
186.1359,149.0,-148.14640384316422,-15.926174315826627,60
186.3885,149.0,-148.07475058637507,-16.57915072561979,60
186.6522,149.0,-147.9968781354946,-17.260476880653112,60
186.795,150.0,-148.9463755531595,-17.747597290257847,60
187.0422,150.0,-148.86841832023856,-18.39005238792056,60
187.3114,150.0,-148.78037118370108,-19.08929413153171,60
187.5146,151.0,-149.70314688174966,-19.747602733022877,60
187.7618,151.0,-149.61655370084105,-20.39330426103988,60
188.031,151.0,-149.5190862099459,-21.096038939639087,60
188.2782,151.0,-149.42667699431834,-21.7409337986126,60
188.4814,152.0,-150.33769680955206,-22.41822736077049,60
188.7341,152.0,-150.2373605407562,-23.08106361818767,60
188.9374,153.0,-151.14237614399673,-23.76935282136656,60
189.1846,153.0,-151.03841796626796,-24.42122638703769,60
189.3878,154.0,-151.93746510499213,-25.11984668482864,60
189.6515,154.0,-151.8202438992365,-25.818860206762615,60
189.9042,154.0,-151.70489494880277,-26.488202063800298,60
190.1074,155.0,-152.59448096971158,-27.201551014314074,60
190.3546,155.0,-152.47570126191613,-27.859657655594287,60
190.5579,156.0,-153.35895872372222,-28.58373277190468,60
190.8105,156.0,-153.23145159111945,-29.259566696696226,60
191.0138,157.0,-154.10824802185473,-29.994130953146527,60
191.2775,157.0,-153.96857033622643,-30.703083698848456,60
191.5302,157.0,-153.8316589520509,-31.38185310111404,60
191.7773,157.0,-153.6948879941009,-32.04499031800109,60
191.9806,158.0,-154.55843488138174,-32.79771649090343,60
192.2498,158.0,-154.4026318412503,-33.52353323406285,60
192.4969,158.0,-154.25661915975965,-34.189112965984776,60
192.7496,158.0,-154.10433007647313,-34.869118883066314,60
192.9529,159.0,-154.9541903950887,-35.639849592872984,60
193.1561,160.0,-155.80057270601642,-36.41677559143988,60
193.4033,160.0,-155.64200461998087,-37.08862895651252,60
193.667,160.0,-155.46965885192483,-37.80456555055369,60
193.8702,161.0,-156.30544846794527,-38.5954243302818,60
194.1229,161.0,-156.13370571791276,-39.28442361537478,60
194.3262,162.0,-156.962234696818,-40.0856193538409,60
194.5734,162.0,-156.78782679070238,-40.76245049366766,60
194.7766,163.0,-157.60920431223934,-41.57329330306658,60
194.9799,164.0,-158.42671640813236,-42.39074814316453,60
195.2325,164.0,-158.23828921067098,-43.08879004660077,60
195.4962,165.0,-159.0019488765761,-44.083786741280264,60
195.683,166.0,-159.82015080793133,-44.87225641451618,60
195.9521,166.0,-159.60763818971546,-45.62238300988763,60
196.1554,167.0,-160.40526453790596,-46.46666663883274,60
196.3422,168.0,-161.21251650065895,-47.27075759414867,60
196.6058,168.0,-160.99333312939177,-48.01194317967863,60
196.8091,169.0,-161.77923501894293,-48.87206888075882,60
196.9958,170.0,-162.5754515110323,-49.69127253335327,60
197.1991,171.0,-163.3533941928411,-50.563510614654426,60
197.4518,171.0,-163.1287984550908,-51.283477988513724,60
197.655,172.0,-163.89879559885827,-52.1649767683613,60
197.9187,173.0,-164.60846878156318,-53.226422060750465,60
198.6218,174.0,-164.8905750777119,-55.56166169708614,60
201.1981,186.0,-173.4144574287622,-67.25641943107006,60
201.3904,187.0,-174.11886749673855,-68.20278573235265,60
201.5936,188.0,-174.8057087990424,-69.18789035130634,60
201.8573,189.0,-175.4135398462599,-70.36398253797594,60
202.0441,190.0,-176.11009729648944,-71.31082407475759,60
202.2473,191.0,-176.7816441596539,-72.31355535589098,60
202.511,192.0,-177.37076074377055,-73.50927311010565,60
202.6978,193.0,-178.05271095536148,-74.4730294901886,60
202.901,194.0,-178.70865110267,-75.49316539306167,60
203.1702,195.0,-179.2713209258524,-76.7254422828571,60
203.3569,196.0,-179.93841059810407,-77.7056522489073,60
203.5602,197.0,-180.5781996429536,-78.74334139284159,60
203.8239,198.0,-181.12866867095923,-79.97753050379755,60
204.0271,199.0,-181.75724211384346,-81.02656934098647,60
204.2139,201.0,-183.3161489796401,-82.43900486586669,60
204.4171,202.0,-183.93318639624502,-83.50199364161425,60
204.6863,203.0,-184.44743776245718,-84.7829151590371,60
204.873,204.0,-185.0774336930973,-85.80409977138139,60
205.0763,205.0,-185.67755867738626,-86.884084869473,60
205.2795,207.0,-187.17672722581267,-88.3961129520621,60
205.5267,208.0,-187.6959899216423,-89.63378474289003,60
205.73,210.0,-189.17846523430293,-91.16747386866452,60
205.9332,211.0,-189.75325444907025,-92.2751452233287,60
206.1365,212.0,-190.32239207548602,-93.38836691293501,60
206.3892,213.0,-190.80445344569745,-94.6713290563129,60
206.5924,214.0,-191.3617151053417,-95.79506246118345,60
206.7957,216.0,-192.80584524631394,-97.37507914684561,60
207.0428,217.0,-193.27477031387406,-98.66034238800934,60
207.7625,218.0,-192.90515564578183,-101.54605322353343,60
216.2329,218.0,-175.84338791530783,-128.85302839462705,60
216.546,216.0,-173.5298742075087,-128.62108208814837,60
216.8591,215.0,-172.0243075723746,-128.96758354038067,60
217.1228,214.0,-170.63157920685862,-129.15441989097212,60
217.4359,212.0,-168.33518662928455,-128.86917762787166,60
217.749,211.0,-166.8377546132752,-129.1749342388088,60
218.0621,210.0,-165.34203137059788,-129.46819170068076,60
218.3258,209.0,-163.9599163912071,-129.6076611045365,60
218.6389,208.0,-162.46811772564908,-129.87729101996484,60
218.8861,207.0,-161.1278622779004,-129.94926701507,60
219.1992,206.0,-159.64038256503093,-130.19580736141455,60
219.4684,205.0,-158.25493208145915,-130.30877357988123,60
219.7156,205.0,-157.69124971094703,-130.9903422569761,60
220.0287,204.0,-156.2073631966538,-131.20693458483316,60
220.3418,202.0,-153.96364509112115,-130.7638940619898,60
220.6549,201.0,-152.48812665463674,-130.95178971422828,60
220.9186,200.0,-151.12817600411822,-130.9972305725135,60
221.2811,198.0,-148.79339749835353,-130.63125529863424,60
221.5448,198.0,-148.19060209242662,-131.31468102037977,60
221.792,197.0,-146.87710440733602,-131.28639000641505,60
222.171,195.0,-144.52317549609177,-130.91238193740827,60
222.4182,195.0,-143.95701669799968,-131.53470014947325,60
222.6874,194.0,-142.60236022086983,-131.53161923825496,60
222.995,193.0,-141.1627503828068,-131.6133652193476,60
223.3081,192.0,-139.7137526590949,-131.6968766444871,60
223.5608,191.0,-138.40691008004902,-131.62266993984446,60
223.8245,191.0,-137.79966177566237,-132.2582822151908,60
224.187,189.0,-135.5259977076403,-131.73345795715176,60
224.4507,188.0,-134.20441674230975,-131.6555146086044,60
224.6979,188.0,-133.63514778168832,-132.2333062332116,60
225.011,187.0,-132.20357950569093,-132.25435178428899,60
225.3241,186.0,-130.77579295136343,-132.26372132199413,60
225.5933,185.0,-129.45317355184068,-132.16230876220732,60
225.9009,184.0,-128.04587898171133,-132.1372501446921,60
226.214,183.0,-126.6299232867175,-132.11306721289927,60
226.4667,183.0,-126.0460158888419,-132.67027503759016,60
226.7798,182.0,-124.63434001463602,-132.62835778639536,60
227.0435,182.0,-124.02260898314817,-133.20057229987088,60
227.2961,181.0,-122.75595431474935,-133.011186297526,60
227.6093,180.0,-121.35285285565777,-132.9416605274399,60
227.9828,178.0,-119.14495250854706,-132.24401798091307,60
228.23,178.0,-118.57328464720216,-132.75683096539166,60
228.4991,178.0,-117.94846266112349,-133.31226558677022,60
228.7463,178.0,-117.3721970450368,-133.8199064445236,60
229.0155,177.0,-116.08630604222863,-133.61500495629238,60
229.3726,175.0,-113.94901730198319,-132.81800124950055,60
229.7021,174.0,-112.53655769298898,-132.7084141364539,60
229.9493,174.0,-111.96294772797945,-133.192711272283,60
230.2625,173.0,-110.59392650896994,-133.03376796636468,60
230.5261,172.0,-109.34498473333424,-132.76925213944267,60
230.7788,172.0,-108.75835138939833,-133.2502195234971,60
231.0919,171.0,-107.4004954670744,-133.06439634036946,60
231.3391,171.0,-106.82539744059098,-133.52653092797618,60
231.6687,170.0,-105.435301052678,-133.354404846376,60
231.9818,169.0,-104.08908673303247,-133.14076018666577,60
232.2949,168.0,-102.74837428591137,-132.91640824820036,60
232.5421,168.0,-102.17395804366713,-133.3584729130135,60
232.8552,167.0,-100.83985050455293,-133.11770937865262,60
233.1244,167.0,-100.21329602437396,-133.5900269478646,60
233.3716,167.0,-99.63599708889936,-134.02114789875827,60
233.6847,166.0,-98.30990926239583,-133.7578473990199,60
233.9978,165.0,-96.9896921204854,-133.48408003343866,60
234.2615,165.0,-96.3743154877531,-133.9290532866825,60
234.5142,164.0,-95.20219190155888,-133.53854371356144,60
234.8273,163.0,-93.89499298185727,-133.23937215754574,60
235.0909,163.0,-93.28100867151929,-133.66994210077277,60
235.3436,163.0,-92.69055913342896,-134.08005163905744,60
235.6512,162.0,-91.40517081101,-133.7501205569927,60
235.9644,161.0,-90.11297309011374,-133.41908439522598,60
236.2335,161.0,-89.48535462212018,-133.8408431987538,60
236.5466,160.0,-88.20137343309405,-133.49351191917864,60
236.7938,160.0,-87.62460270383914,-133.87280904274155,60
237.0575,160.0,-87.00753616543139,-134.27467613225195,60
237.3102,160.0,-86.41448050441022,-134.65711106047428,60
237.5739,160.0,-85.79381709769008,-135.0534003563335,60
237.887,159.0,-84.5229327011211,-134.67321132133796,60
238.1396,159.0,-83.92837919003884,-135.04453771453717,60
238.3868,159.0,-83.34495642202673,-135.40538482279968,60
238.656,159.0,-82.70784660819102,-135.79547897274028,60
238.9636,158.0,-81.46203961246806,-135.3807080132789,60
239.2163,158.0,-80.86415980777942,-135.73867414477687,60
239.48,158.0,-80.23857738117505,-136.1094070953407,60
239.7931,157.0,-78.99047202309902,-135.68163224831875,60
240.0458,157.0,-78.391289050798,-136.0286947704573,60
240.293,157.0,-77.80367173073715,-136.36564327284086,60
240.5621,157.0,-77.1623500305123,-136.72955692815177,60
240.8698,156.0,-75.9401555563712,-136.26845847104215,60
241.1224,156.0,-75.33865250935125,-136.60193057960498,60
241.3861,156.0,-74.70915553829195,-136.94722369860332,60
241.6388,156.0,-74.10443240015543,-137.2753914532783,60
241.9025,156.0,-73.47184895317349,-137.61499704393435,60
242.2156,155.0,-72.25259543310436,-137.1297285535859,60
242.4683,155.0,-71.64709126210123,-137.44706004014833,60
242.7155,155.0,-71.05341725932053,-137.75489790121037,60
242.9791,155.0,-70.41890023331045,-138.08033346545434,60
243.2318,155.0,-69.80922131782924,-138.38956831711823,60
243.5449,154.0,-68.60643918206392,-137.8736976466424,60
243.8086,154.0,-67.97116031071313,-138.18799284313863,60
244.0613,154.0,-67.36103037752227,-138.48643105545943,60
244.325,154.0,-66.72294464186623,-138.7949878717472,60
244.5776,154.0,-66.1103924921983,-139.08779962501202,60
244.8853,153.0,-64.9380569224952,-138.53537007974091,60
245.1379,153.0,-64.32666669260938,-138.82031534403723,60
245.4016,153.0,-63.687076419714536,-139.1149032171228,60
245.6543,153.0,-63.072900077705036,-139.39443775053522,60
245.9674,152.0,-61.90296730842419,-138.8237106491977,60
246.2311,152.0,-61.26338707874875,-139.10714361110072,60
246.4838,152.0,-60.64926853277588,-139.37598870120794,60
246.7474,152.0,-60.00740350885867,-139.65354103682805,60
247.0605,151.0,-58.85359805150078,-139.05845532146682,60
247.3077,151.0,-58.253090851750564,-139.31108141931026,60
247.5604,151.0,-57.63810212995353,-139.56664781693743,60
247.8241,151.0,-56.99514776357812,-139.83044422230768,60
248.0768,151.0,-56.37788066184212,-140.08045749525195,60
248.3405,151.0,-55.732574876302884,-140.338448394078,60
248.6536,150.0,-54.600843804823604,-139.70951240270384,60
248.9062,150.0,-53.984377608699404,-139.94887271500744,60
249.1534,150.0,-53.380074075073935,-140.1804825635139,60
249.4171,150.0,-52.734339682761956,-140.42467524699168,60
249.6698,150.0,-52.11449320571445,-140.65589073306364,60
249.9335,150.0,-51.46658419075725,-140.8942536505151,60
250.1862,150.0,-50.84467899995098,-141.11987321916052,60
250.5597,149.0,-49.59084781879329,-140.50533019289085,60
250.7025,150.0,-49.570981697008285,-141.5723058143607,60
250.9497,150.0,-48.95971503437128,-141.78485921900534,60
251.2134,150.0,-48.30664344848872,-142.00869057469893,60
251.5759,149.0,-47.09117127577669,-141.36273054760744,60
251.8396,149.0,-46.44006229214094,-141.57796655660113,60
252.0923,149.0,-45.81519051954241,-141.78141033879592,60
252.356,149.0,-45.16216811106094,-141.99076931796753,60
252.6086,149.0,-44.53573629427021,-142.1884952896233,60
252.9218,148.0,-43.464143035661735,-141.4739137444622,60
253.1854,148.0,-42.81280802010603,-141.67238075727232,60
253.4326,148.0,-42.201172490036505,-141.8557754921039,60
253.6853,148.0,-41.57511668728484,-142.0405212340431,60
253.949,148.0,-40.92094664979027,-142.23036288108463,60
254.2017,148.0,-40.29325120604527,-142.4094586298485,60
254.4653,148.0,-39.637645613642455,-142.593327509415,60
254.718,148.0,-39.00836182021724,-142.76675981510198,60
254.9652,148.0,-38.39204006569098,-142.93373030742038,60
255.2344,148.0,-37.72005517684873,-143.11253417313065,60
255.4816,148.0,-37.10225359000093,-143.2739431248518,60
255.7452,148.0,-36.442704559059216,-143.44312212309492,60
256.0583,147.0,-35.417366866124205,-142.669583739038,60
256.2616,148.0,-35.14840623177265,-143.76574536156477,60
256.5143,148.0,-34.51399523065729,-143.9193667760464,60
256.8274,147.0,-33.499133059006084,-143.13213505113032,60
257.0746,147.0,-32.88128619047895,-143.27533290298027,60
257.2778,148.0,-32.59317737808216,-144.36649468765552,60
257.5415,148.0,-31.92839737015892,-144.5149730698284,60
257.7942,148.0,-31.29071326846786,-144.6543855648716,60
258.1073,147.0,-30.29368838709575,-143.8446816670868,60
258.3545,147.0,-29.672797112421048,-143.9740431866977,60
258.6237,147.0,-28.996020647504785,-144.11186899977903,60
258.8708,147.0,-28.3742404253011,-144.23557980015613,60
259.14,147.0,-27.696249487320042,-144.36730157600135,60
259.3872,147.0,-27.07312757512265,-144.4854517358102,60
259.6509,147.0,-26.40785854108539,-144.60852328709404,60
259.9036,147.0,-25.76981553524711,-144.7235869071774,60
260.1562,147.0,-25.131524040845598,-144.83579149983748,60
260.4199,147.0,-24.46466316099342,-144.9499232715186,60
260.6671,147.0,-23.839057639297195,-145.05412552171782,60
260.9363,147.0,-23.15727089614639,-145.16453011890505,60
261.1835,147.0,-22.53075163418682,-145.26308970553595,60
261.4362,147.0,-21.889859415962352,-145.36104724013722,60
261.6998,147.0,-21.220869299215604,-145.4602169192168,60
261.9525,147.0,-20.57912040460074,-145.55239538864672,60
262.2162,147.0,-19.90900963014953,-145.6455675108124,60
262.4634,147.0,-19.280445193325093,-145.7301081902679,60
262.7325,147.0,-18.595787225441143,-145.81905464467295,60
262.9797,147.0,-17.966486511174196,-145.89792788947963,60
263.2489,147.0,-17.280800058335505,-145.98073143173326,60
263.4961,147.0,-16.650814038089848,-146.05392973785044,60
263.7488,147.0,-16.006491061416224,-146.12594651156516,60
264.0125,147.0,-15.333788995060349,-146.19806741217533,60
264.2651,147.0,-14.689098397558366,-146.2642484965716,60
264.5288,147.0,-14.015773760536161,-146.33030474202351,60
264.776,147.0,-13.384309915423115,-146.38941303280066,60
265.0452,147.0,-12.696364840496917,-146.45068221021367,60
265.2924,147.0,-12.064393914014762,-146.50409686929402,60
265.5615,147.0,-11.376180370174225,-146.55914342061797,60
265.8087,147.0,-10.743753781526701,-146.60686121284343,60
266.0779,147.0,-10.054816191463471,-146.65572157729096,60
266.3251,147.0,-9.421985220358605,-146.69773752347834,60
266.5887,147.0,-8.74697737981486,-146.7395324604689,60
266.8414,147.0,-8.099707471220043,-146.77668322618774,60
267.0886,147.0,-7.466372814945058,-146.81026284626103,60
267.3578,147.0,-6.776515735174659,-146.84372248921957,60
267.605,147.0,-6.14290415725179,-146.87159265329296,60
267.8741,147.0,-5.453029919680726,-146.89882390507785,60
268.1213,147.0,-4.819192927978809,-146.92098345547146,60
268.3905,147.0,-4.128844855967485,-146.94200434237771,60
268.6377,147.0,-3.494833889347589,-146.95845037317815,60
268.9014,147.0,-2.818432806253045,-146.97297859306192,60
269.1541,147.0,-2.170190960254687,-146.98397964130658,60
269.4177,147.0,-1.4939429605032113,-146.99240842448552,60
269.6704,147.0,-0.8456283025366164,-146.99756771040106,60
269.9176,147.0,-0.2114081687604427,-146.99984798150703,60
270.1208,148.0,0.31203671381224696,-147.99967105736835,60
270.39,148.0,1.0073962650430552,-147.9965714223312,60
270.6372,148.0,1.6459092943716551,-147.99084763117853,60
270.9009,148.0,2.3270074536240126,-147.98170507299466,60
271.1536,148.0,2.9796481753147264,-147.9700026922732,60
271.4172,148.0,3.660378041891786,-147.95472832116735,60
271.6699,148.0,4.312886816063733,-147.93714546155007,60
271.9336,148.0,4.993709569106964,-147.91572892948,60
272.1863,148.0,5.6460333710956885,-147.89226588017533,60
272.4335,148.0,6.284053207448552,-147.86652993590522,60
272.7026,148.0,6.978463269178699,-147.83538497396597,60
272.9498,148.0,7.616225294997382,-147.80390086955026,60
273.2135,148.0,8.296399814623648,-147.76728240756108,60
273.4167,149.0,8.880001872062168,-148.73515242454346,60
273.6694,149.0,9.535901888144773,-148.69454117478446,60
273.9331,149.0,10.220155174208276,-148.64907812770016,60
274.1858,149.0,10.875662531056859,-148.60255705912522,60
274.433,149.0,11.516698203034053,-148.5542515800212,60
274.7021,149.0,12.214280549218504,-148.49852305886745,60
274.9493,149.0,12.854854913847312,-148.44444316020704,60
275.2185,149.0,13.552165743936802,-148.382407325292,60
275.4657,149.0,14.192226682117944,-148.32255628124597,60
275.7294,149.0,14.87471862262681,-148.255666825581,60
275.8722,150.0,15.346484006346563,-149.21288626872328,60
276.1249,150.0,16.004428142365473,-149.14375038812676,60
276.3885,150.0,16.690420193577026,-149.06854085876682,60
276.6357,150.0,17.333412205587788,-148.9951436165326,60
276.9049,150.0,18.033261019234875,-148.9120596090597,60
277.1521,150.0,18.675565404056208,-148.8328702163565,60
277.3553,151.0,19.33130586241354,-149.75747264712308,60
277.6245,151.0,20.034714357764017,-149.66499330372085,60
277.8717,151.0,20.68024860222038,-149.57716175188764,60
278.1354,151.0,21.368446044472527,-149.4803984261631,60
278.3881,151.0,22.027511455226847,-149.38470048532363,60
278.6353,151.0,22.671817845543938,-149.2882737376867,60
278.8385,152.0,23.35477621173226,-150.19505460600195,60
279.1077,152.0,24.06019623672765,-150.08366652321016,60
279.3549,152.0,24.707499355755978,-149.97846337252997,60
279.624,152.0,25.41162525940092,-149.860766385588,60
279.8712,152.0,26.057954110965436,-149.74973464935027,60
280.1404,152.0,26.761252004086735,-149.62565084628292,60
280.3271,153.0,27.427936252077618,-150.52145465996523,60
280.5908,153.0,28.12040825809715,-150.39362566079035,60
280.8435,153.0,28.78343572650609,-150.26813976281895,60
281.1072,153.0,29.474727515404208,-150.13407487273724,60
281.3544,153.0,30.12219772390652,-150.00551057971796,60
281.5576,154.0,30.854356035104455,-150.87746257695022,60
281.8268,154.0,31.56289951464527,-150.7308308682348,60
282.074,154.0,32.212924956276716,-150.593251727165,60
282.2772,155.0,32.959443151566994,-151.4551917470597,60
282.5299,155.0,33.62710552129737,-151.30835328645782,60
282.7936,155.0,34.323133506424355,-151.15198479113718,60
283.0463,155.0,34.98944533901479,-150.9991348149654,60
283.3099,155.0,35.68377248360364,-150.83656181887207,60
283.5132,156.0,36.452422594626036,-151.68131357218263,60
283.7604,156.0,37.1065033293806,-151.52263002821283,60
283.9636,157.0,37.88495064066859,-152.3605280738883,60
284.2163,157.0,38.55655802984469,-152.19195718858214,60
284.48,157.0,39.25660051987751,-152.01289193888377,60
284.7327,157.0,39.92666134259421,-151.83827486517947,60
284.9963,157.0,40.62479684376843,-151.65297847850712,60
285.249,157.0,41.29325698529749,-151.4723305674874,60
285.4523,158.0,42.09689431320302,-152.28871097091542,60
285.6995,158.0,42.75354309344655,-152.10566903622234,60
285.9686,158.0,43.46746073003829,-151.90319238805543,60
286.2158,158.0,44.12243345709142,-151.71424081418508,60
286.4795,158.0,44.82021834799406,-151.50956414443985,60
286.7322,158.0,45.48800516555791,-151.31041400398777,60
286.9354,159.0,46.31563502627103,-152.1047729432356,60
287.1826,159.0,46.971450951993525,-151.9035312145984,60
287.4518,159.0,47.684637427916186,-151.68116347578618,60
287.699,159.0,48.338612974149086,-151.47401921034322,60
287.9022,160.0,49.182904988048534,-152.2532162449667,60
288.1549,160.0,49.85392920165471,-152.03481753584077,60
288.4021,160.0,50.5094103771731,-151.8183106985133,60
288.6053,161.0,51.36656359221287,-152.58596313136786,60
288.8745,161.0,52.0829079010079,-152.34293782310726,60
289.0613,162.0,52.905889660420264,-153.1174935767936,60
289.325,162.0,53.610039878536696,-152.87237691689663,60
289.5776,162.0,54.28348540284366,-152.63454134801617,60
289.7809,163.0,55.163152978912926,-153.3819629337982,60
290.0281,163.0,55.82439691890061,-153.14253722803812,60
290.2313,164.0,56.71297693640978,-153.88189707373073,60
290.484,164.0,57.39111109971275,-153.63027164833247,60
290.7312,165.0,58.407389797326125,-154.31648264868923,60
290.9949,165.0,59.116999995754355,-154.04603309239084,60
291.1981,166.0,60.024546373965734,-154.76774157620716,60
291.4508,166.0,60.7065552865049,-154.5015020808747,60
291.698,166.0,61.372577817772964,-154.23814927572687,60
291.9012,167.0,62.29220491352739,-154.9473497902146,60
292.1539,167.0,62.974983920750866,-154.67110719258838,60
292.3572,168.0,63.903778403865516,-155.37151317313499,60
292.6044,168.0,64.57352478891907,-155.09435804159628,60
292.8076,169.0,65.5107989486904,-155.78618430754463,60
293.0768,169.0,66.24202308745673,-155.4766682730269,60
293.2635,170.0,67.1432561856052,-156.1786898036803,60
293.4668,171.0,68.09521168343585,-156.85675677441526,60
293.714,171.0,68.77132705299012,-156.56150412975302,60
293.9832,171.0,69.50615797307815,-156.23666024279163,60
294.1699,172.0,70.42433366382424,-156.92167864258383,60
294.4336,173.0,71.55944519852564,-157.50633575472196,60
294.6863,173.0,72.25342030794793,-157.18919572859647,60
294.8895,174.0,73.2313072333773,-157.83908147506023,60
295.0928,175.0,74.21498389635633,-158.48386720819116,60
295.34,175.0,74.8980623789059,-158.16219602637514,60
295.5927,175.0,75.59489764452107,-157.83032487489336,60
295.7959,176.0,76.58933441242247,-158.4615847903274,60
295.9991,177.0,77.58919404647027,-159.08776498278922,60
296.2463,177.0,78.27484660546207,-158.75153035133673,60
296.499,178.0,79.4204304413359,-159.2997025374276,60
296.7627,178.0,80.15275294280427,-158.93248942771197,60
296.9659,179.0,81.16936333291686,-159.5385046191951,60
297.1527,180.0,82.14543394819091,-160.16281616362585,60
297.4219,180.0,82.89703768752806,-159.77509550187273,60
297.6086,181.0,83.88065760927081,-160.39025930222905,60
297.8723,182.0,85.08545456628192,-160.8864985673104,60
298.0756,183.0,86.12642014856885,-161.46590894796398,60
298.3228,183.0,86.82225361023201,-161.0928188282785,60
298.526,184.0,87.87058104382055,-161.66249097122488,60
298.7183,185.0,88.89317141398847,-162.2436565045403,60
298.9819,186.0,90.12319373972656,-162.70774397720507,60
299.2291,186.0,90.82434782582773,-162.3173984575069,60
299.4818,186.0,91.5393544330652,-161.91524508204182,60
299.6851,187.0,92.60852621925481,-162.45818191613986,60
299.8883,188.0,93.68241272650711,-162.99572247681957,60
300.0916,190.0,95.2629398499984,-164.39273795133283,60
300.3387,190.0,95.9710297059383,-163.9803691213735,60
